observation_date,USFF,USIORB,USGOV6M,USGOV1Y,USGOV2Y,USGOV5Y,USGOV10Y,USGOV30Y,USGOVR10Y,USSOFR,USCPF,USPRIME,USCORPAA10Y,USCORPBBB10Y,USAM51,USMORT15Y,USMORT30Y,USHS,USCSH,USCOSTAR,USNC,USRC,USDI,USRPDI,USPSR,USUR,USCCPI,USPPI,USMUVPI,USIP,USIPM,USCUM,USM1,USM2,USCC,USSP500,USDJIA,USVIXA
2000-01-01,5.45,,5.74,5.98,6.24,6.36,6.45,6.48,,,5.74,8.5,7.78,8.33,,7.66,8.06,1636,100.551,,6542.9,,7149.3,9799.9,4.5,4,179.3,,153.9,91.538,92.2097,82.179,1122.1,4667.6,1538520.18,,,24.64
2000-02-01,5.73,,5.95,6.3,6.6,6.68,6.62,6.43,,,5.87,8.5,7.68,8.29,,7.84,8.25,1737,101.339,,6625.3,,7199.7,9837.9,4,4.1,179.4,,153,91.8239,92.4168,82.1719,1108.6,4680.9,1549185.29,,,23.45
2000-03-01,5.85,,6.02,6.17,6.52,6.59,6.39,6.16,,,6,8.75,7.68,8.37,,7.92,8.31,1604,102.127,,6686.5,,7249.8,9864,3.8,4,180,,153,92.1504,93.0135,82.2023,1107.5,4711.7,1561450.69,,,21.64
2000-04-01,6.02,,6.15,6.28,6.5,6.32,6.03,5.84,,,6.11,9,7.64,8.4,,7.84,8.23,1626,102.922,,6679.1,,7280.3,9913.7,4.3,3.8,180.3,,154,92.6989,93.5958,82.4316,1115.6,4767.8,1570527.74,,,24.11
2000-05-01,6.27,,6.25,6.24,6.73,6.59,6.29,5.98,,,6.54,9,7.99,8.9,,7.79,8.13,1575,103.677,,6709.7,,7316.5,9954.5,4.3,4,180.7,,155.4,92.9499,93.6194,82.3967,1104.9,4755.7,1583507.92,,,25.88
2000-06-01,6.53,,6.27,6.32,6.61,6.44,6.2,5.95,,,6.57,9.5,7.67,8.48,,8.31,8.62,1559,104.425,,6746.9,,7361.9,9982.3,4.3,4,181.1,,155.7,92.9862,93.7348,82.1729,1102.6,4773.6,1609548.04,,,22.36
2000-07-01,6.54,,6.23,6.08,6.38,6.18,6.03,5.9,,,6.52,9.5,7.65,8.35,,7.92,8.22,1463,105.055,,6768.5,,7419.9,10035.9,4.7,4,181.5,,155.3,92.8048,93.8178,81.7603,1103.5,4791.3,1629751.44,,,19.54
2000-08-01,6.5,,6.39,6.09,6.27,6.12,6,5.74,,,6.49,9.5,7.55,8.26,,7.85,8.13,1541,105.769,,6802.8,,7465.6,10098.3,4.8,4.1,181.9,,155.2,92.5521,93.2292,81.2857,1100.2,4819.5,1651615.4,,,20.55
2000-09-01,6.52,,6.32,6.18,6.09,5.92,5.68,5.67,,,6.47,9.5,7.62,8.35,,7.67,7.96,1507,106.539,,6888.6,,7506.6,10110.3,4.1,3.9,182.3,,156.2,92.9792,93.725,81.4061,1099.7,4855.2,1669000.81,,,17.53
2000-10-01,6.51,,6.28,6.07,5.98,5.85,5.8,5.88,,,6.51,9.5,7.55,8.34,,7.53,7.88,1549,107.384,,6893.8,,7538.4,10139.2,4.3,3.9,182.6,,157.9,92.6179,93.4177,80.8334,1098.7,4871.3,1684599.32,,,20.57
2000-11-01,6.51,,6.35,6.1,5.88,5.79,5.74,5.78,,,6.5,9.5,7.45,8.28,,7.36,7.68,1551,108.303,,6909.8,,7552.2,10143.5,4.3,3.9,183.1,,159.3,92.6438,93.1847,80.5963,1092.4,4882.7,1700944.54,,,24.28
2000-12-01,6.4,,6.19,5.93,5.62,5.46,5.52,5.64,,,6.34,9.5,7.21,8.02,,7.35,7.65,1532,109.141,,6952.2,,7579.4,10164.3,4.1,3.9,183.3,,160.2,92.3415,92.6399,80.0735,1088.6,4927.6,1716969.72,,,27.48
2001-01-01,5.98,,,,,,,,,,5.49,,7.15,7.93,,6.79,7.13,1600,109.847,,6987.4,,7651.7,10211.7,4.5,4.2,183.9,,160.4,91.902,92.3203,79.4332,1096.7,4978.3,1729851.68,,,
2001-02-01,5.49,,4.81,4.56,4.55,4.78,5.1,5.46,,,5.14,8.5,7.1,7.87,,6.7,7.15,1625,110.502,,7001.8,,7672.4,10223.4,4.6,4.2,184.4,,160.4,91.3034,91.8104,78.6604,1101.2,5017,1748702.02,,,21.66
2001-03-01,5.31,,4.68,4.45,4.41,4.67,4.87,5.29,,,4.78,8.5,6.98,7.84,,6.69,7.12,1590,111.109,,6996.7,,7696.3,10254.4,4.9,4.3,184.7,,159.9,91.1162,91.6592,78.2472,1108.9,5074.8,1760541.84,,,28.08
2001-04-01,4.8,,4.09,4.09,4.18,4.62,4.93,5.46,,,4.44,8,7.2,8.07,,6.46,6.91,1649,111.652,,7004.2,,7693.8,10233.1,4.8,4.4,185.1,,159.7,90.7891,91.2613,77.7206,1116.7,5139.1,1773098.33,,,28.64
2001-05-01,4.21,,3.92,3.91,4.23,4.94,5.3,5.75,,,3.93,7.5,7.29,8.07,,6.63,7.12,1605,112.164,,7052.8,,7700.2,10214.7,4.3,4.3,185.3,,159.1,90.3555,90.7213,77.1128,1118.5,5137.2,1781177.46,,,24.2
2001-06-01,3.97,,3.61,3.67,4.22,4.94,5.39,5.71,,,3.67,7,7.18,7.97,,6.78,7.24,1636,112.796,,7069.7,,7716.5,10218.1,4.2,4.5,186,,158.9,89.8784,90.168,76.4807,1126.2,5180.1,1792368.09,,,21.59
2001-07-01,3.77,,3.63,3.72,4.25,4.97,5.42,5.75,,,3.59,6.75,7.13,7.97,,6.63,7.11,1670,113.492,,7082.3,,7829,10370.7,5.4,4.6,186.4,,158.3,89.3028,89.6173,75.7806,1138.9,5210,1797350.57,,,19.06
2001-08-01,3.65,,3.47,3.56,3.83,4.62,5.11,5.53,,,3.42,6.75,7.02,7.85,,6.58,7.03,1567,114.168,,7121.7,,7958.2,10543.1,6.5,4.9,186.7,,158,89.2003,89.297,75.4938,1150.2,5243.8,1806359.04,,,20.56
2001-09-01,3.07,,3.31,3.41,3.64,4.46,4.85,5.39,,,2.81,6.5,7.17,8.03,,6.47,6.92,1562,114.813,,7007,,7863.3,10452.8,6.9,5,187.1,,157.3,88.7485,88.9392,74.9237,1205.7,5355.1,1814252.38,,,24.92
2001-10-01,2.49,,2.37,2.47,2.82,3.9,4.55,5.38,,,2.28,6,7.03,7.91,,6.23,6.72,1540,115.309,,7212.9,,7751.2,10267.7,2.9,5.3,187.4,,157.8,88.5052,88.558,74.5431,1165.7,5343.8,1829840.26,,,32.32
2001-11-01,2.09,,1.99,2.1,2.49,3.66,4.24,4.79,,,1.97,5.5,6.97,7.81,,6.13,6.64,1602,115.857,,7182.3,,7755,10279.7,3.4,5.5,188.1,,157.4,87.97,88.2521,73.9318,1171,5387.5,1857842.79,,,32.31
2001-12-01,1.82,,1.79,2.06,2.84,4.08,4.78,5.27,,,1.78,5,6.77,8.05,,6.53,7.02,1568,116.454,,7166.7,,7761.5,10298.9,3.7,5.7,188.4,,157.2,87.9324,88.4161,73.7552,1183.2,5440.5,1867852.87,,,23.84
2002-01-01,1.73,,,,,,,,,,1.7,,6.55,7.87,,6.65,7.16,1698,117.144,,7184.6,,7931.2,10514.7,5.6,5.7,188.7,,155.6,88.5176,89.0258,74.1161,1190.7,5460.9,1867418.69,,,
2002-02-01,1.74,,1.87,2.22,3.08,4.37,5.02,5.4,,,1.79,4.75,6.51,7.89,,6.51,7.02,1829,117.845,,7225.2,,7957.1,10531.6,5.4,5.7,189.1,,153.9,88.5278,89.0692,74.0132,1190.6,5490.2,1881905.37,,,21.12
2002-03-01,1.73,,1.91,2.33,3.18,4.43,4.98,5.6,,,1.86,4.75,6.81,8.11,,6.28,6.8,1642,118.688,,7243.4,,7984.4,10539,5.5,5.7,189.2,,152.1,89.1686,89.7358,74.4558,1193.3,5502,1894690.33,,,19.96
2002-04-01,1.75,,2.16,2.76,3.74,4.93,5.44,5.92,,,1.81,4.75,6.76,8.03,,6.69,7.18,1592,119.612,,7312.5,,8044.6,10574.2,5.4,5.9,189.7,,151.8,89.604,90.044,74.7452,1186.9,5502.1,1903957.99,,,18.73
2002-05-01,1.75,,1.91,2.33,3.21,4.49,5.08,5.69,,,1.78,4.75,6.75,8.09,,6.35,6.88,1764,120.725,,7288.9,,8082,10616.5,6.1,5.8,190,,151.8,89.964,90.5176,74.9894,1189.3,5528.3,1914613.99,,,20.06
2002-06-01,1.75,,1.91,2.34,3.22,4.37,5.08,5.75,,,1.76,4.75,6.63,7.95,,6.22,6.76,1717,121.814,,7322.5,,8116.2,10648.2,6.1,5.8,190.2,,152.2,90.7061,91.4436,75.569,1193.3,5553.3,1927180.98,,,19.98
2002-07-01,1.73,,1.78,2.09,2.88,4.08,4.85,5.67,,,1.75,4.75,6.53,7.9,,5.99,6.55,1655,122.888,,7387.3,,8113.3,10621,5.3,5.8,190.5,,152.7,90.6769,91.3272,75.5228,1199.1,5596,1939211.4,,,27.11
2002-08-01,1.74,,1.66,1.75,2.15,3.46,4.47,5.51,,,1.7,4.75,6.37,7.58,,5.76,6.34,1633,123.832,,7412.6,,8130.8,10623,5.2,5.7,191.1,,153.4,90.5762,91.4182,75.4317,1187.1,5638.3,1947500.09,,,36.95
2002-09-01,1.75,,1.67,1.74,2.14,3.22,4.14,5.11,,,1.72,4.75,6.15,7.4,,5.64,6.22,1804,124.781,,7391.5,,8153.5,10633.6,5.8,5.7,191.3,,152.2,90.6531,91.4934,75.4995,1196.1,5662.3,1950651.39,,,32.64
2002-10-01,1.75,,1.54,1.56,1.8,2.75,3.72,5.01,,,1.7,4.75,6.32,7.73,,5.41,5.99,1648,125.736,,7435.2,,8190,10661.8,5.6,5.7,191.5,,150.7,90.4643,91.2516,75.3553,1204,5707.1,1957151.3,,,34.12
2002-11-01,1.34,,1.42,1.46,1.76,2.92,4.01,5.3,,,1.36,4.75,6.31,7.62,,5.51,6.13,1753,126.671,,7463.8,,8220.6,10690.9,5.6,5.9,191.9,,148.8,90.9711,91.7517,75.8001,1209.6,5758.1,1965179.13,,,29.3
2002-12-01,1.24,,1.3,1.56,2.08,3.28,4.22,5.23,,,1.31,4.25,6.21,7.45,,5.57,6.13,1788,127.625,,7519.9,,8250.8,10719.9,5.3,6,192.1,,148.5,90.4652,91.1153,75.4073,1220.2,5779.4,1972112.21,,,27.5
2003-01-01,1.24,,,,,,,,,,1.26,,6.17,7.35,,5.32,5.93,1853,128.462,,7541.3,,8268,10710.4,5.3,5.8,192.4,,148.3,91.2361,91.9301,76.0829,1227.3,5812.1,1982561.31,,,
2003-02-01,1.26,,1.19,1.31,1.72,3.02,4,5.03,2.19,,1.26,4.25,5.95,7.06,,5.28,5.9,1629,129.356,,7548.6,,8274.7,10674,5.2,5.9,192.5,,148.4,91.3445,91.8197,76.2008,1238.2,5848.2,1993405.69,,,31.17
2003-03-01,1.25,,1.19,1.24,1.53,2.69,3.71,4.9,1.77,,1.19,4.25,5.89,6.95,,5.14,5.79,1726,130.148,,7611.5,,8313.4,10696.5,4.9,5.9,192.5,,148.5,91.1044,91.9555,76.0272,1239.3,5868.4,2001208.15,,,29.63
2003-04-01,1.26,,1.1,1.16,1.5,2.78,3.84,5.06,2.02,,1.2,4.25,5.74,6.85,,5.21,5.91,1643,130.884,,7634.5,,8342.9,10752.7,5,6,192.5,,148.4,90.5617,91.3398,75.6028,1250,5905.5,2014099.78,,,28.36
2003-05-01,1.26,,1.13,1.21,1.5,2.82,3.88,5.01,2.13,,1.19,4.25,5.22,6.38,,5.12,5.79,1751,131.735,,7650.3,,8394.8,10832,5.3,6.1,192.9,,147.9,90.537,91.396,75.6099,1268.8,5965.3,2027502.51,,,21.59
2003-06-01,1.22,,1.09,1.13,1.33,2.3,3.37,4.59,1.77,,1.01,4.25,4.97,6.19,,4.73,5.31,1867,132.649,,7699.6,,8426,10860.6,5.1,6.3,193,,147.4,90.6527,91.8251,75.7311,1281,6002.2,2033268.41,,,19.47
2003-07-01,1.01,,0.96,1.07,1.3,2.48,3.56,4.86,1.92,,1.01,4,5.49,6.62,,4.63,5.24,1897,133.777,,7757,,8552.3,10991.1,5.9,6.2,193.4,,145.7,91.1185,92.1799,76.1369,1287.5,6049.1,2040064.39,,,19.46
2003-08-01,1.03,,1.05,1.31,1.85,3.37,4.44,5.47,2.4,,1.04,4,5.88,7.01,,5.44,6.14,1833,134.968,,7852.1,,8640.1,11066.7,5.7,6.1,193.6,,143.3,90.9197,91.8284,75.9832,1296.4,6107.1,2049124.34,,,20.75
2003-09-01,1.01,,,,,,,,,,1.04,,5.72,6.79,,5.66,6.32,1939,136.295,,7853.7,,8568.6,10940.8,4.9,6.1,193.7,,139,91.5059,92.6407,76.483,1297.2,6079.7,2057090.79,,,
2003-10-01,1.01,,1,1.13,1.47,2.84,3.96,5.05,1.96,,1.05,4,5.7,6.73,,5.3,5.98,1967,137.533,,7867.4,,8602.1,10982.3,5,6,194,,135.1,91.6186,92.7097,76.5884,1297.8,6070,2065495.1,,,21.07
2003-11-01,1,,1.04,1.31,1.85,3.27,4.33,5.28,1.93,,1.06,4,5.65,6.66,,5.26,5.94,2083,138.795,,7922.6,,8664.9,11048.4,5,5.8,194,,132,92.2329,93.5573,77.1135,1299.1,6075.5,2066400.09,,,16.1
2003-12-01,0.98,,1.06,1.41,2.12,3.46,4.4,5.28,2.08,,1.05,4,5.62,6.6,,5.22,5.89,2057,140.181,,7950.4,,8690.8,11057.2,5,5.7,194.2,,131,92.2602,93.4535,77.1489,1306.2,6073.8,2077360.69,,,16.77
2004-01-01,1,,,,,,,,,,1.01,,5.54,6.44,,5.15,5.85,1911,141.647,,8007.1,,8719.7,11051.2,4.6,5.7,194.6,,131.8,92.4006,93.362,77.2806,1306,6082.1,2088243.04,,,
2004-02-01,1.01,,1.01,1.28,1.84,3.17,4.16,5.11,1.85,,1.01,4,5.5,6.27,,4.97,5.68,1846,143.192,,8040.4,,8753.9,11071,4.6,5.6,194.9,,131.8,92.958,94.046,77.7639,1321.4,6121.8,2095340.36,,,16.63
2004-03-01,1,,1.02,1.23,1.67,2.98,4,4.99,1.55,,1,4,5.33,6.11,,4.89,5.58,1998,145.058,,8098.8,,8802.8,11115.6,4.5,5.8,195.5,,131.8,92.5861,93.9999,77.4721,1328.7,6157.9,2109720.32,,,14.44
2004-04-01,1,,1.02,1.23,1.65,2.87,3.91,5.01,1.48,,1.05,4,5.73,6.46,,4.84,5.52,2003,146.593,,8107.2,,8849,11153.3,4.9,5.6,195.9,,131.6,92.93,94.2717,77.7807,1332.8,6198.9,2112716.15,,,16.65
2004-05-01,1,,1.17,1.55,2.31,3.63,4.53,5.39,2.11,,1.07,4,6.04,6.75,,5.35,6.01,1981,148.186,,8176.5,,8922,11208.9,4.8,5.6,196.2,,131.8,93.6013,94.9474,78.3623,1333.3,6275.7,2120839.15,,,17.19
2004-06-01,1.03,,1.44,1.89,2.6,3.86,4.71,5.48,1.97,,1.34,4,6.01,6.78,,5.69,6.32,1828,149.851,,8157.6,,8952.9,11215.8,5.4,5.6,196.6,,129.9,92.871,94.2172,77.7669,1342.7,6277.9,2127989.41,,,16.3
2004-07-01,1.26,,1.64,2.07,2.64,3.74,4.57,5.35,2.04,,1.5,4.25,5.82,6.62,,5.62,6.21,2002,151.338,,8236.9,,8981,11240.5,4.7,5.5,196.8,,130.9,93.5649,95.0506,78.3594,1340.8,6291.1,2137092.98,,,15.2
2004-08-01,1.43,,1.77,2.13,2.68,3.71,4.5,5.31,2.01,,1.62,4.25,5.65,6.46,,5.49,6.08,2024,152.633,,8271.6,,9012.9,11274.6,4.7,5.4,196.9,,132,93.6277,95.4605,78.4167,1354.3,6317.8,2143435.12,,,15.32
2004-09-01,1.61,,1.79,1.99,2.41,3.32,4.13,5.01,1.77,,1.75,4.5,5.46,6.27,,5.21,5.82,1905,154.178,,8341.5,,9034.6,11279.6,4.1,5.4,197.5,,135.5,93.7467,95.5578,78.5109,1362.5,6352.2,2160148.3,,,14.91
2004-10-01,1.76,,2,2.21,2.63,3.44,4.21,5.06,1.83,,1.95,4.75,5.47,6.21,,5.12,5.72,2072,155.75,,8397.1,,9075.8,11282.5,3.9,5.5,197.9,,136.7,94.5465,96.5274,79.1635,1362.3,6379.8,2176719.34,,,12.75
2004-11-01,1.93,,2.2,2.34,2.61,3.36,4.11,4.92,1.67,,2.18,4.75,5.52,6.2,,5.01,5.64,1782,157.526,,8444.5,,9081.3,11246.1,3.4,5.4,198.3,,137.7,94.7813,96.5183,79.3296,1374.2,6406.3,2183746.35,,,16.27
2004-12-01,2.16,,2.4,2.6,3.01,3.72,4.38,5.08,1.79,,2.34,5,5.47,6.15,,5.15,5.72,2042,159.329,,8504.4,,9419.8,11659,6.2,5.4,198.6,,138.4,95.5365,97.33,79.9179,1376,6424.5,2192246.17,,,12.97
2005-01-01,2.28,,2.59,2.75,3.08,3.63,4.24,4.86,1.68,,2.53,5.25,5.36,6.02,,5.23,5.81,2144,161.288,,8497.7,,9082.2,11226.5,2.7,5.3,199,,138.6,95.8801,97.9499,80.1494,1367.1,6430.8,2196777.63,,,13.29
2005-02-01,2.5,,2.77,2.95,3.29,3.71,4.15,4.63,1.67,,,5.25,5.2,5.82,5.02,5.14,5.66,2207,163.346,,8559.1,,9109.5,11229,2.3,5.4,199.4,,138.4,96.5761,98.8565,80.6584,1371.1,6438.9,2211558.71,,,12.03
2005-03-01,2.63,,3,3.2,3.59,4.02,4.38,4.69,1.69,,2.82,5.5,5.4,6.06,5.05,5.22,5.69,1864,165.815,,8598.4,,9169.2,11268.8,2.5,5.2,200.1,,138.3,96.4456,98.3855,80.4638,1370.9,6448.3,2220199.19,,,12.04
2005-04-01,2.79,,3.13,3.34,3.75,4.13,4.46,4.72,1.77,,2.97,5.75,5.33,6.05,5.43,5.58,6.04,2061,167.503,,8678.4,,9223.7,11304.2,2.1,5.2,200.2,,138.4,96.6532,98.811,80.5421,1358.4,6461.8,2232535.38,,,14.09
2005-05-01,3,,3.17,3.33,3.66,3.9,4.21,4.53,1.61,,3.09,5.75,5.15,6.01,5.2,5.33,5.78,2025,169.353,,8671.6,,9268.6,11352.7,2.6,5.1,200.5,,138.8,96.7402,99.0631,80.5094,1366,6479,2232671.52,,,15.31
2005-06-01,3.04,,3.12,3.25,3.5,3.63,3.91,4.27,1.54,,3.27,6,4.96,5.86,5.07,5.21,5.65,2068,171.192,,8753.4,,9293.1,11375.5,2,5,200.6,,139.3,97.1753,99.3453,80.7567,1380.1,6511.7,2247833.43,,,12.36
2005-07-01,3.26,,3.38,3.51,3.76,3.84,4.06,4.28,1.75,,3.47,6.25,5.06,5.95,5.06,5.12,5.53,2054,172.861,,8853.8,,9342.1,11387.1,1.4,5,200.9,,139.9,96.8676,98.995,80.3802,1369,6543.5,2257230.94,,,11.4
2005-08-01,3.5,,3.73,3.83,4.04,4.16,4.32,4.46,1.95,,3.64,6.25,5.09,5.96,5.27,5.34,5.77,2095,174.443,,8850.1,,9394.8,11405.3,2,4.9,201.1,,140.1,97.1833,99.5311,80.5172,1377.8,6576.3,2267044.88,,,12.08
2005-09-01,3.62,,3.62,3.66,3.72,3.85,4.02,4.28,1.61,,3.72,6.5,5.13,6.03,5.3,5.32,5.71,2151,176.439,,8900.4,,9452.2,11365.2,2,5,201.3,,140.3,95.3005,98.3893,78.8319,1378.6,6610.1,2271633.28,,,13.15
2005-10-01,3.78,,3.93,4.01,4.18,4.18,4.34,4.53,1.78,,4.01,6.75,5.35,6.3,5.44,5.48,5.91,2065,178.029,,8938.5,,9520,11428.7,2.3,5,202,,140.2,96.4572,99.8738,79.6607,1376.5,6643.9,2276843.14,,,11.92
2005-11-01,4,,4.25,4.31,4.42,4.47,4.58,4.74,2,,4.23,7,5.42,6.39,5.63,5.69,6.15,2147,179.683,,8946.2,,9559.6,11500.1,2.6,5,202.5,,140.3,97.5414,100.8416,80.426,1376.1,6660.7,2283661.27,,,14.85
2005-12-01,4.16,,4.32,4.36,4.45,4.45,4.52,4.68,2.15,,,7,5.37,6.32,5.76,5.81,6.26,1994,180.912,,8981.1,,9588.8,11535.2,2.5,4.9,202.8,,140.2,98.0452,100.9959,80.7109,1374.3,6687.8,2290928.13,,,11.24
2006-01-01,4.29,,4.37,4.38,4.41,4.35,4.39,4.51,2.06,,,7.25,5.29,6.24,5.79,5.76,6.22,2273,182.321,,9071.6,,9732.7,11651.8,3,4.7,203.2,,140.3,98.1999,101.7914,80.7078,1379.5,6730.1,2367471.08,,,12.07
2006-02-01,4.49,,4.6,4.6,4.59,4.51,4.57,4.69,2.02,,4.55,7.5,5.35,6.27,5.75,5.7,6.12,2119,183.287,,9096,,9781.2,11702.8,3.2,4.8,203.6,,140.4,98.2413,101.5006,80.6111,1378.4,6754.7,2374977.32,,,12.36
2006-03-01,4.59,,4.75,4.74,4.71,4.63,4.59,4.56,2.02,,4.76,7.5,5.53,6.41,5.96,5.89,6.26,1969,184.364,,9132.9,,9837.6,11747.5,3.3,4.7,204.3,,140.8,98.4628,101.4364,80.6609,1383.2,6769.3,2385807.89,,,11.54
2006-04-01,4.79,,4.81,4.82,4.82,4.82,4.86,4.9,2.35,,4.87,7.75,5.84,6.68,6.02,6,6.35,1821,184.33,,9191.6,,9880.7,11744.4,3.1,4.7,204.8,,141,98.7618,101.8079,80.7713,1381.4,6806.9,2397680.6,,,11.39
2006-05-01,4.94,,4.98,4.97,4.94,4.99,5.14,5.23,2.42,,5.01,7.75,5.95,6.75,6.21,6.21,6.58,1942,184.156,,9231.8,,9900.9,11736.8,2.9,4.6,205.4,,141.1,98.7869,101.5902,80.6521,1387.2,6813.7,2407161.45,,,12.54
2006-06-01,4.99,,5.06,5.05,5.04,5.03,5.11,5.2,2.46,,5.29,8,5.89,6.78,6.26,6.26,6.67,1802,183.507,,9259.6,,9938.1,11751.9,2.9,4.6,205.9,,141,99.0997,101.9267,80.7601,1375.4,6851.8,2395813.18,,,14.52
2006-07-01,5.24,,5.24,5.21,5.16,5.1,5.15,5.19,2.54,,,8.25,5.85,6.76,6.39,6.43,6.78,1737,183.066,,9343.8,,9967.9,11746.9,2.3,4.7,206.3,,140.7,99.0489,101.6573,80.5643,1372.4,6893.6,2403099.25,,,13.08
2006-08-01,5.25,,5.18,5.11,4.97,4.9,4.99,5.07,2.4,,5.21,8.25,5.68,6.59,6.35,6.34,6.72,1650,182.592,,9342.2,,9990.9,11737,2.5,4.7,206.8,,140.4,99.4836,102.4705,80.754,1372.4,6925.1,2415732.03,,,15.05
2006-09-01,5.25,,5.1,4.99,4.77,4.68,4.73,4.87,2.25,,5.21,8.25,5.51,6.43,6.11,6.14,6.44,1720,182.797,,9375.4,,10018.2,11800.1,2.4,4.5,207.2,,139.9,99.3183,102.5967,80.4492,1364.4,6952.4,2426813.23,,,11.96
2006-10-01,5.25,,5.02,4.91,4.71,4.59,4.64,4.77,2.27,,5.19,8.25,5.51,6.42,6,5.98,6.31,1491,183.198,,9393.6,,10039.9,11853.7,2.4,4.4,207.6,,139,99.2044,102.1083,80.1804,1370.3,7001.7,2429399.86,,,11.98
2006-11-01,5.25,,5.1,4.95,4.66,4.52,4.57,4.68,2.29,,5.17,8.25,5.33,6.2,6.14,6.1,6.4,1570,183.608,,9400.2,,10084.2,11901.9,2.7,4.5,207.8,,138.3,99.1627,102.2234,79.9663,1370.8,7037.2,2440749.07,,,11.51
2006-12-01,5.24,,5.05,4.87,4.52,4.39,4.43,4.54,2.1,,5.19,8.25,5.32,6.22,5.95,5.87,6.14,1649,184.137,,9488.3,,10168.2,11958.6,2.6,4.4,208.1,,137.2,100.1735,103.7877,80.5985,1366.6,7080.1,2456715.7,,,11.66
2007-01-01,5.25,,,,,,,,,,5.17,,5.4,6.34,5.98,5.93,6.18,1409,184.515,,9538.7,11181,10200.4,11956.6,2.4,4.6,208.6,,136.169,99.8346,103.433,80.1452,1371.7,7118.3,2457945.58,,,
2007-02-01,5.26,,5.16,5.09,4.96,4.84,4.84,4.93,2.42,,5.18,8.25,5.39,6.28,6.04,6.06,6.34,1480,184.597,,9566,11178.2,10265.8,11996,2.8,4.5,209.135,,135.533,100.7753,103.7703,80.7218,1363,7134.3,2470049.92,,,10.31
2007-03-01,5.26,,5.11,4.95,4.63,4.5,4.56,4.68,2.19,,5.2,8.25,5.3,6.27,5.93,5.92,6.18,1495,184.148,,9611.7,11190.7,10337,12035.1,3,4.4,209.418,,135.201,100.9547,104.6813,80.6932,1366.5,7168.2,2484433.18,,,15.82
2007-04-01,5.25,,5.06,4.9,4.58,4.54,4.65,4.84,2.21,,5.2,8.25,5.47,6.39,5.88,5.86,6.16,1490,183.009,,9643.6,11201.5,10376.5,12052.8,3,4.5,209.747,,134.995,101.6334,105.3577,81.0737,1378,7240.7,2493729.77,,,14.64
2007-05-01,5.25,,5.01,4.89,4.63,4.54,4.64,4.81,2.19,,5.19,8.25,5.47,6.39,5.88,5.87,6.16,1415,181.6,,9685.8,11218,10412.7,12059.9,2.8,4.4,210.058,,134.653,101.7306,105.3756,81.0044,1380.9,7254.6,2510016.06,,,13.51
2007-06-01,5.25,,4.98,4.98,4.97,4.92,4.95,5.06,2.57,,5.23,8.25,5.79,6.7,6.19,6.12,6.42,1448,180.253,,9706.8,11218.5,10429.1,12053.3,2.7,4.6,210.392,,134.57,101.7893,105.8434,80.9238,1368.2,7287.8,2519121.04,,,12.78
2007-07-01,5.26,,4.93,4.91,4.87,4.92,5.03,5.12,2.65,,5.22,8.25,5.73,6.65,6.3,6.34,6.67,1354,179.11,,9751.1,11252.6,10456.3,12066.4,2.6,4.7,210.773,,134.748,101.6672,105.9225,80.7255,1371.8,7318.7,2533667.67,,,16.23
2007-08-01,5.02,,4.96,4.82,4.56,4.6,4.76,4.9,2.44,,5.25,8.25,5.79,6.65,6.3,6.37,6.69,1330,178.115,,9798.9,11300.1,10467.3,12070.9,2.2,4.6,211.119,,135.255,101.863,105.6772,80.8082,1376.3,7394.8,2552767.07,,,23.67
2007-09-01,4.94,,4.21,4.19,4.15,4.25,4.54,4.83,2.34,,4.92,8.25,5.74,6.59,6.35,6.12,6.45,1183,177.557,,9845.1,11309.6,10524.1,12089.6,2.3,4.7,211.554,,136.022,102.0894,106.0198,80.9387,1375.7,7413,2566995.36,,,23.38
2007-10-01,4.76,,4.15,4.11,4.02,4.24,4.56,4.79,2.26,,4.63,7.75,5.66,6.48,6.15,6.09,6.42,1264,176.623,,9882.7,11318.6,10547.9,12080.4,2.2,4.7,212.077,,136.707,101.8015,105.8942,80.6837,1379.4,7428.1,2582326.03,,,17.84
2007-11-01,4.49,,3.95,3.89,3.77,4.02,4.36,4.64,2,,4.42,7.5,5.44,6.4,5.98,5.91,6.26,1197,175.146,,9955.9,11342.2,10594.8,12070.1,1.9,4.7,212.66,,137.559,102.3446,106.4614,81.1065,1371.8,7453.6,2597649.3,,,23.21
2007-12-01,4.24,,3.37,3.26,3.04,3.41,3.97,4.4,1.63,,4.23,7.5,5.49,6.65,5.86,5.73,6.1,1037,174.341,,9972.8,11335.1,10663.8,12120.5,2.4,5,213.168,,137.855,102.3803,106.6125,81.1425,1373.4,7483.9,2609476.53,,,22.87
2008-01-01,3.94,,,,,,,,,,3.25,,5.33,6.54,5.9,5.79,6.17,1084,173.131,,9996.4,11333.2,10705.5,12137.1,2.6,5,213.771,,138.938,102.2448,106.3605,81.0549,1377.7,7517.5,2619427.65,,,
2008-02-01,2.98,,2.15,2.13,2.09,2.75,3.62,4.32,1.31,,2.72,6,5.53,6.82,5.32,5.17,5.68,1103,171.539,,9981.7,11293.9,10731.1,12141.8,3,4.9,213.939,,138.818,101.8438,105.5496,80.7602,1380.4,7604,2634496.42,,,24.02
2008-03-01,2.61,,1.83,1.77,1.65,2.5,3.53,4.41,1.1,,2.35,6,5.51,6.89,5.43,5.72,6.24,1005,170.05,,10035.3,11322.1,10765.4,12145.9,2.9,5.1,214.42,,138.541,101.5336,105.1411,80.5381,1388.7,7670,2645603.64,,,26.54
2008-04-01,2.28,,1.53,1.62,1.8,2.65,3.57,4.4,1.22,,1.99,5.25,5.55,6.97,5.67,5.34,5.85,1013,168.332,,10070.3,11340.5,10745.4,12100.8,2.4,5,214.56,,137.659,100.8785,104.1184,80.0376,1391.4,7712.5,2654243.23,,,22.68
2008-05-01,1.98,,1.73,1.94,2.37,3.06,3.78,4.49,1.52,,2,5,5.57,6.93,5.73,5.59,6.06,973,166.653,,10132.3,11361.6,11322.5,12696.2,6.8,5.4,214.936,,136.393,100.2674,103.5516,79.5579,1393.4,7725.2,2660193.15,,,18.88
2008-06-01,2,,2.01,2.22,2.66,3.41,4.06,4.72,1.58,,2.21,5,5.68,7.07,5.62,5.66,6.08,1046,165.013,,10187.1,11340.7,11117.6,12376.6,4.6,5.6,215.424,,135.02,100.0335,102.8599,79.3571,1404.6,7743.9,2662409.52,,,17.83
2008-07-01,2.01,,2.13,2.38,2.63,3.33,4.01,4.55,1.49,,2.18,5,5.67,7.16,5.99,6.04,6.45,923,163.563,,10185.1,11286,10999.7,12188.7,3.6,5.8,215.965,,133.709,99.676,101.8548,79.0325,1421.1,7791.2,2665321.26,,,23.65
2008-08-01,2,,1.88,2.25,2.51,3.23,3.97,4.57,1.63,,2.08,5,5.64,7.15,6.07,6.07,6.52,844,161.986,,10175.7,11284.7,10929.5,12120.6,3.1,6.1,216.393,,132.535,98.1111,100.5497,77.7251,1407.4,7805.8,2662237.78,,,22.57
2008-09-01,1.81,,,,,,,,,,2.13,,5.65,7.31,6.03,5.93,6.4,820,160.306,,10116.4,11209.7,10964.1,12149,3.9,6.1,216.713,,131.176,93.7895,96.9448,74.2216,1462,7872.4,2657389.13,,,
2008-10-01,0.97,,1.49,1.72,1.82,2.87,3.77,4.22,2.26,,2.07,5,6.28,8.88,6.02,5.77,6.09,777,158.326,,10034.1,11192.5,10973.7,12240.5,4.9,6.5,216.788,,129.407,94.7219,96.395,74.8669,1473.8,7974.9,2660729.5,,,39.81
2008-11-01,0.39,,0.94,1.34,1.56,2.8,4.01,4.35,3.14,,1.45,4,6.12,9.21,6.36,6.19,6.46,652,156.141,,9885.2,11158.2,10937.5,12345.9,6,6.8,216.947,,128.048,93.4715,93.9577,73.782,1514.6,8027,2651481.39,,,59.89
2008-12-01,0.16,,0.44,0.81,0.9,1.71,2.72,3.22,2.38,,0.97,4,5.05,8.43,5.86,5.74,5.97,560,153.617,,9801.5,11125.8,10826.1,12288.8,5.8,7.3,216.925,,127.323,90.8357,90.7372,71.607,1601.7,8204.7,2643788.96,,,68.51
2009-01-01,0.15,,,,,,,,,,0.31,3.25,5.05,8.14,5.57,4.83,5.1,490,151.506,,9847.2,11176.3,10891.5,12361.5,5.9,7.8,217.346,,126.668,88.57,87.761,69.7304,1582.8,8289,2647028.86,,,
2009-02-01,0.22,,0.36,0.51,0.94,1.85,2.87,3.58,1.73,,0.48,3.25,5.27,8.08,5.27,4.8,5.1,582,150.012,,9824.5,11130.5,10805.4,12241.9,5.4,8.3,217.792,,124.405,88.031,87.7622,69.2326,1567.2,8319.3,2638532.74,,,44.84
2009-03-01,0.18,,0.45,0.72,1,1.99,3.02,3.71,2.06,,0.37,3.25,5.5,8.42,5.06,4.68,5.07,505,148.659,,9773.2,11084.6,10794.3,12242.7,5.8,8.7,218.253,,122.21,86.6528,86.2344,68.0889,1578.9,8386.4,2622827.85,,,46.35
2009-04-01,0.15,,0.41,0.58,0.83,1.65,2.68,3.51,1.37,,0.28,3.25,5.39,8.39,4.96,4.58,4.85,478,147.948,100,9772.5,11068,10878,12320,6.5,9,218.706,,121.887,85.9344,85.6368,67.4762,1611.6,8391.1,2615973.01,,,42.28
2009-05-01,0.18,,0.31,0.49,0.92,2.03,3.21,4.09,1.8,,0.23,3.25,5.54,8.06,4.8,4.48,4.78,540,147.694,100.2,9791.6,11078.1,11048.4,12500.1,7.8,9.4,218.904,,122.533,85.0665,84.711,66.7676,1617.5,8449.2,2610010.78,,,35.3
2009-06-01,0.21,,0.29,0.48,0.97,2.55,3.71,4.55,1.8,,0.26,3.25,5.61,7.5,4.82,4.53,4.91,585,148.088,100.6,9852.4,11081.1,10912.3,12273.2,6.1,9.5,219.112,,123.236,84.7459,84.4343,66.5138,1658.8,8459.3,2591475.41,,,30.04
2009-07-01,0.16,,0.33,0.54,1.05,2.51,3.55,4.34,1.83,,0.28,3.25,5.41,7.09,4.99,4.87,5.42,594,148.407,100.6,9886.3,11118.1,10864.9,12218.7,5.4,9.5,219.263,,122.844,85.7027,85.8216,67.29,1662.5,8463.5,2590854.98,,,26.22
2009-08-01,0.16,,0.26,0.48,1.13,2.53,3.52,4.31,1.71,,0.24,3.25,5.26,6.58,4.75,4.69,5.25,586,148.275,100.6,10004.1,11218,10875.2,12194.8,4.4,9.6,219.496,,125.011,86.6426,86.8203,68.0795,1660,8463,2582126.01,,,25.92
2009-09-01,0.15,,0.23,0.43,0.92,2.33,3.38,4.19,1.74,,0.19,3.25,5.13,6.31,4.67,4.58,5.14,585,148.022,100.9,9927.8,11114.6,10924.7,12230.6,5.5,9.8,219.92,,127.631,87.4063,87.7576,68.7549,1664.9,8461.6,2576594.39,,,29.15
2009-10-01,0.12,,0.15,0.37,0.87,2.2,3.21,3.97,1.5,,0.19,3.25,5.15,6.29,4.42,4.36,4.94,534,147.847,101.2,9976.7,11127.1,10932.5,12193.2,5.1,10,220.501,,132.475,87.6419,87.8323,69.0357,1677.7,8487.9,2563422.73,,,28.27
2009-11-01,0.12,,0.16,0.37,0.9,2.31,3.41,4.23,1.41,,0.15,3.25,5.19,6.32,4.42,4.46,5.03,588,148.133,101.1,9985.7,11109.4,10987.9,12224.4,5.5,9.9,220.666,100.2,135.73,88.0221,88.7957,69.447,1683,8517,2551569.29,,,30.69
2009-12-01,0.12,,0.15,0.26,0.67,2.03,3.28,4.26,1.14,,0.16,3.25,5.26,6.37,4.18,4.29,4.78,581,147.93,101.2,10052.6,11177.3,11044.5,12280.2,5.4,9.9,220.881,100.3,139.376,88.3793,88.7374,69.8541,1692.8,8512.2,2555016.64,,,21.92
2010-01-01,0.11,,,,,,,,,,0.13,,5.26,6.25,4.44,4.54,5.14,614,147.396,101.6,10056.1,11156.8,11073.7,12285.8,5.6,9.8,220.633,101.2,142.829,89.3426,89.7715,70.7532,1674.7,8477.7,2543508.02,,,
2010-02-01,0.13,,0.17,0.33,0.86,2.38,3.68,4.56,1.29,,0.15,3.25,5.35,6.34,4.25,4.39,4.98,604,145.634,102,10093.4,11198.6,11079,12292,5.3,9.8,220.731,101,143.173,89.6779,89.8215,71.1612,1699.8,8527.3,2530024.28,,,22.59
2010-03-01,0.16,,0.19,0.32,0.8,2.28,3.61,4.56,1.46,,0.2,3.25,5.27,6.27,4.16,4.4,5.05,636,145.858,102,10156,11252.1,11138.2,12340.3,5.3,9.9,220.783,101.1,142.377,90.2928,91.0021,71.7964,1711.9,8523.5,2536551.95,,,19.26
2010-04-01,0.2,,0.24,0.42,1.05,2.59,3.89,4.74,1.61,,0.23,3.25,5.29,6.25,4.1,4.39,5.08,687,146.398,101.9,10182.3,11275.1,11240.7,12447.1,6,9.9,220.822,101.4,141.68,90.5991,91.8003,72.1905,1699,8554.8,2532764.79,,,17.47
2010-05-01,0.2,,0.25,0.41,0.97,2.43,3.69,4.53,1.29,,0.28,3.25,4.96,6.05,4,4.39,5.06,583,146.386,102.1,10210.8,11303.2,11328.4,12540.3,6.4,9.6,220.962,101.6,140.952,91.823,92.9906,73.3146,1710.1,8609,2521687.94,,,22.05
2010-06-01,0.18,,0.23,0.35,0.78,2.09,3.29,4.19,1.32,,0.32,3.25,4.88,6.23,3.97,4.21,4.78,536,145.713,102.1,10231.3,11330.6,11327.3,12544.3,6.2,9.4,221.194,101.4,141.951,91.9928,92.9321,73.5918,1731.6,8628.1,2518416.41,,,35.54
2010-07-01,0.18,,0.22,0.32,0.63,1.8,2.96,3.88,1.21,,0.27,3.25,4.72,6.01,3.79,4.04,4.58,546,144.983,102.3,10268.1,11361.7,11345.9,12554.2,6.1,9.4,221.363,101.6,142.512,92.3421,93.443,74.0009,1724,8639.5,2521104.8,,,32.86
2010-08-01,0.19,,0.2,0.29,0.55,1.6,2.94,3.98,1.14,,0.25,3.25,4.49,5.66,3.76,4,4.54,599,143.908,102.3,10307.1,11389.2,11395.1,12591.4,6.2,9.5,221.509,101.8,143.42,92.6805,93.6275,74.3883,1748.7,8687.9,2520422.13,,,23.5
2010-09-01,0.19,,0.19,0.25,0.5,1.41,2.58,3.65,1.02,,0.24,3.25,4.53,5.66,3.56,3.86,4.36,594,143.013,102.3,10327.1,11399.9,11405,12589.9,6.1,9.5,221.711,102.1,144.032,92.9537,93.7421,74.7076,1766.2,8718.7,2522094.23,,,23.89
2010-10-01,0.19,,0.19,0.26,0.42,1.26,2.54,3.71,0.75,,0.23,3.25,4.68,5.72,3.52,3.75,4.32,543,142.522,102.4,10386.4,11428.9,11443.8,12592.5,5.9,9.4,221.83,102.5,144.313,92.6903,93.7752,74.58,1780.4,8768.4,2530106,,,22.5
2010-11-01,0.19,,0.16,0.22,0.34,1.17,2.66,4.01,0.49,,0.23,3.25,4.87,5.92,3.41,3.66,4.23,545,142.161,102.6,10433.6,11458,11478.1,12605.1,5.8,9.8,222.149,102.8,144.751,92.7709,93.9046,74.7131,1828.4,8789,2531232.26,,,21.83
2010-12-01,0.18,,0.2,0.28,0.53,1.64,2.97,4.24,0.83,,0.23,3.25,5.02,6.1,3.45,3.77,4.4,539,142.048,102.7,10471,11473.2,11573,12680.6,6.2,9.3,222.343,103.1,145.669,93.6787,94.3885,75.4968,1836.7,8822.7,2646811.26,,,21.36
2011-01-01,0.17,,0.19,0.29,0.61,2.01,3.3,4.34,1,,0.24,3.25,5.04,6.09,3.77,4.2,4.86,630,141.51,102.7,10514.3,11486,11662.3,12740.1,6.6,9.1,222.803,103.7,146.478,93.4814,94.4812,75.3741,1846.3,8845,2657360.1,,,17.75
2011-02-01,0.16,,0.18,0.27,0.61,2.02,3.48,4.62,1.11,,0.23,3.25,5.22,6.15,3.7,4.09,4.8,517,140.338,102.9,10540.6,11482.8,11728.2,12776.6,6.9,9,223.213,104.3,146.182,93.1102,94.681,75.0928,1870.1,8908.8,2663779.92,,,17.63
2011-03-01,0.14,,0.16,0.25,0.66,2.11,3.41,4.48,1,,0.23,3.25,5.13,6.03,3.8,4.22,4.95,600,139.97,103,10619.7,11522.6,11744.3,12742.7,6.3,9,223.454,105,145.646,94.0788,95.3244,75.8747,1896.5,8966.8,2672031.38,,,21.01
2011-04-01,0.1,,0.15,0.27,0.8,2.24,3.46,4.48,0.94,,0.2,3.25,5.16,6.02,3.7,4.09,4.86,554,140.003,102.8,10652.1,11508.9,11774.2,12721.3,6.3,9.1,223.727,105.5,145.542,93.7749,94.7934,75.6127,1897,9030.2,2679950.15,,,17.4
2011-05-01,0.09,,0.11,0.22,0.61,1.97,3.32,4.4,0.75,,0.16,3.25,4.96,5.78,3.51,3.97,4.78,561,139.9,103.3,10672.2,11495.6,11795.2,12705.3,6.3,9,224.175,105.8,146.476,93.888,94.7881,75.6684,1941.6,9102.5,2683973.45,,,14.75
2011-06-01,0.09,,0.11,0.18,0.44,1.6,2.96,4.15,0.74,,0.15,3.25,4.99,5.75,3.41,3.78,4.6,608,139.857,103.5,10694.8,11522.3,11840.7,12756.9,6.5,9.1,224.697,105.9,148.518,94.172,94.9349,75.8425,1963.4,9176.5,2693088.33,,,18.3
2011-07-01,0.07,,0.1,0.2,0.5,1.8,3.22,4.4,0.77,,0.14,3.25,4.93,5.76,3.22,3.69,4.51,623,139.726,103.6,10731.6,11542.3,11906.1,12805.6,6.7,9,225.218,106.1,149.971,94.636,95.4946,76.1431,1996,9338.4,2717525.97,,,15.87
2011-08-01,0.1,,0.16,0.22,0.38,1.32,2.77,4.07,0.33,,0.16,3.25,4.37,5.36,3.25,3.66,4.55,585,139.303,103.8,10750.3,11535.3,11928.6,12799.7,6.7,9,225.862,106.3,151.312,95.2749,95.9868,76.5667,2115.4,9524.9,2709151.87,,,23.66
2011-09-01,0.08,,0.05,0.1,0.19,0.9,2.15,3.51,0.07,,0.14,3.25,4.09,5.27,2.96,3.39,4.22,650,138.659,103.9,10783.2,11554.3,11928.6,12781.7,6.4,9,226.118,106.7,151.677,95.1961,96.2364,76.3992,2120,9545.1,2720060.44,,,31.82
2011-10-01,0.07,,0.06,0.13,0.25,0.96,1.92,2.9,0.17,,0.15,3.25,3.98,5.37,3.02,3.28,4.01,610,137.94,104,10802.9,11575.1,11938.4,12791.9,6.3,8.8,226.506,106.3,151.986,95.8568,96.7654,76.8123,2128.5,9577.9,2727962.54,,,42.96
2011-11-01,0.08,,0.05,0.13,0.23,0.9,2.01,2.99,-0.04,,0.14,3.25,3.87,5.14,3.08,3.38,4.1,711,137.139,104,10806.8,11555.7,11954.4,12782.7,6.4,8.6,226.899,106.6,152.187,95.8485,96.5632,76.6783,2182,9629.5,2746799.26,,,34.77
2011-12-01,0.07,,0.05,0.12,0.27,0.97,2.11,3.12,0.06,,0.14,3.25,3.93,5.25,2.9,3.3,4,694,136.661,104,10817.8,11560.9,12069.5,12898.5,7.2,8.5,227.405,106.5,152.083,96.3571,97.2084,76.9495,2165.7,9677.1,2756224.85,,,27.41
2012-01-01,0.08,,0.06,0.12,0.25,0.83,1.89,2.89,-0.07,,0.14,3.25,3.85,5.23,2.88,3.24,3.95,723,136.595,104.9,10896.8,11605.5,12175.6,12967.5,7.4,8.3,227.877,106.9,151.106,96.9318,98.0951,77.2652,2201.8,9750.3,2770124.65,,,23.4
2012-02-01,0.1,,0.09,0.13,0.23,0.72,1.87,3.01,-0.28,,0.17,3.25,3.85,5.14,2.85,3.24,3.98,704,136.521,104.8,10987.2,11675.8,12261.2,13029.6,7.3,8.3,228.034,107.2,149.893,97.2435,98.5224,77.3673,2207.1,9802,2777643.62,,,18.55
2012-03-01,0.13,,0.13,0.18,0.3,0.89,2.03,3.15,-0.23,,0.18,3.25,3.99,5.23,2.83,3.17,3.9,695,137.893,104.9,10993.9,11660.5,12319.4,13066.4,7.6,8.2,228.478,107.4,149.265,96.74,98.0069,76.8194,2227.8,9846,2791565.95,,,17.26
2012-04-01,0.14,,0.15,0.19,0.33,1.04,2.23,3.35,-0.09,,0.2,3.25,3.96,5.19,2.9,3.23,3.99,753,139.143,104.9,11018.5,11671.4,12382.9,13116.5,7.9,8.2,228.905,107.7,150.053,97.4359,98.5366,77.2234,2237.3,9899.5,2802317.58,,,15.5
2012-05-01,0.16,,0.15,0.19,0.27,0.84,1.98,3.16,-0.28,,0.19,3.25,3.8,5.07,2.85,3.12,3.88,708,140.144,105,11006.8,11672,12365.1,13112.5,7.9,8.2,229.224,107.6,151.587,97.6609,98.2793,77.2546,2256.2,9942.8,2817982.27,,,16.6
2012-06-01,0.16,,0.12,0.17,0.25,0.62,1.47,2.53,-0.59,,0.21,3.25,3.64,5.02,2.84,2.97,3.75,757,141.019,105,10989.8,11659.9,12344.6,13097.2,7.9,8.2,229.623,107.3,152.263,97.6663,98.6278,77.1149,2275.3,10012.8,2829850.8,,,26.66
2012-07-01,0.16,,0.16,0.21,0.33,0.72,1.67,2.76,-0.46,,0.22,3.25,3.4,4.87,2.79,2.94,3.66,740,141.659,105,11016.8,11684.4,12257.1,12999.8,7,8.2,229.97,107.2,151.97,97.8713,98.4571,77.1372,2315,10065.5,2840049.63,,,17.08
2012-08-01,0.13,,0.14,0.17,0.24,0.63,1.56,2.6,-0.67,,0.2,3.25,3.48,4.91,2.74,2.8,3.49,754,142.269,105,11056,11686.7,12262.1,12961.6,6.7,8.1,230.233,107.5,150.871,97.4525,98.3137,76.672,2354.1,10136.1,2857102.48,,,18.96
2012-09-01,0.14,,0.14,0.16,0.22,0.59,1.57,2.68,-0.68,,0.2,3.25,3.49,4.84,2.78,2.86,3.59,847,142.897,105,11105.3,11703.2,12386.3,13053.1,7.2,7.8,230.659,108.2,149.647,97.381,98.1136,76.4846,2386.6,10216.3,2865789.74,,,17.47
2012-10-01,0.16,,0.14,0.17,0.25,0.62,1.64,2.81,-0.78,,0.19,3.25,3.47,4.58,2.71,2.73,3.4,915,143.59,105,11137.4,11702.3,12507.6,13142,7.8,7.8,231.024,108.3,148.986,97.7193,97.9828,76.6227,2420.1,10282.6,2881779.34,,,16.32
2012-11-01,0.16,,0.15,0.18,0.3,0.73,1.75,2.89,-0.77,,0.2,3.25,3.5,4.51,2.74,2.7,3.39,833,144.574,105.1,11178.4,11753.4,12664.4,13315.7,8.7,7.7,231.33,108.4,148.932,98.0777,98.5509,76.78,2441.2,10351.6,2903346.97,,,16.69
2012-12-01,0.16,,0.13,0.18,0.25,0.61,1.62,2.81,-0.79,,0.2,3.25,3.65,4.63,2.72,2.64,3.32,976,145.491,105.1,11181.2,11758.3,12973.2,13642.7,10.9,7.9,231.725,108.4,149.243,98.3101,99.2403,76.8435,2460.7,10474.1,2912905.02,,,15.87
2013-01-01,0.14,,,,,,,,,,0.16,,3.8,4.73,2.7,2.65,3.35,888,146.815,106,11252.4,11810.6,12238.4,12845.5,4.9,8,232.229,108.7,149.741,98.3342,99.0467,76.7502,2476.7,10497.4,2931381.51,,,
2013-02-01,0.15,,0.11,0.15,0.27,0.88,2.04,3.21,-0.55,,0.17,3.25,3.9,4.85,2.7,2.81,3.53,962,147.772,106.4,11290.5,11808.6,12251.7,12813.9,4.7,7.7,232.569,108.9,149.789,98.7941,99.4999,77.0029,2468.9,10516.4,2953480.76,,,12.9
2013-03-01,0.14,,0.12,0.16,0.25,0.75,1.86,3.06,-0.67,,0.15,3.25,3.93,4.85,2.61,2.76,3.51,1010,149.951,106.8,11290.1,11823.8,12272.1,12852.1,4.8,7.5,232.794,108.9,148.912,99.1921,99.4239,77.2135,2476.3,10572.6,2963147.07,,,15.36
2013-04-01,0.15,,0.11,0.14,0.23,0.76,1.86,3.08,-0.65,,0.12,3.25,3.73,4.59,2.68,2.76,3.57,835,151.509,106.7,11281.1,11826.4,12298.9,12893.4,5.1,7.6,232.832,108.7,148.577,99.1065,99.1189,77.0553,2504.9,10600,2972772.62,,,13.58
2013-05-01,0.11,,0.08,0.11,0.2,0.65,1.66,2.83,-0.64,,0.1,3.25,3.89,4.73,2.58,2.61,3.4,930,152.841,106.8,11321.6,11860.1,12365.9,12954.2,5.3,7.5,232.996,108.6,148.501,99.1839,99.3881,77.0307,2523.5,10634.2,2988661.4,,,14.49
2013-06-01,0.09,,0.07,0.14,0.3,1.05,2.16,3.3,-0.05,,0.1,3.25,4.27,5.19,2.66,2.98,3.81,839,154.19,106.8,11344.4,11857.7,12394.8,12955.7,5.4,7.5,233.35,109,148.742,99.3897,99.6551,77.1119,2521,10691.3,3000936.05,,,16.3
2013-07-01,0.09,,0.09,0.15,0.34,1.39,2.5,3.48,0.48,,0.11,3.25,4.34,5.32,3.08,3.5,4.46,880,155.596,106.8,11372.6,11872.3,12397,12941.8,5.2,7.3,233.88,109.2,149.058,99.0814,98.7947,76.8008,2542.3,10730.5,3014697.69,,,16.37
2013-08-01,0.08,,0.08,0.13,0.35,1.49,2.74,3.77,0.48,,0.09,3.25,4.54,5.42,3.18,3.43,4.39,917,156.952,106.9,11406.6,11890.3,12441.9,12969.6,5.2,7.2,234.336,109.3,149.539,99.6543,99.6198,77.1772,2551.3,10788.5,3030269,,,12.94
2013-09-01,0.08,,0.05,0.13,0.39,1.62,2.78,3.7,0.68,,0.08,3.25,4.64,5.47,3.24,3.54,4.51,850,158.215,107.2,11445.9,11926.1,12503,13027.5,5.3,7.2,234.7,109.3,150.458,100.161,99.644,77.5046,2585.5,10848.9,3045861.58,,,17.01
2013-10-01,0.09,,0.04,0.1,0.33,1.42,2.66,3.72,0.46,,0.11,3.25,4.53,5.31,3.07,3.37,4.32,925,159.234,107.2,11498,11964.6,12468.6,12974.6,4.7,7.2,234.921,109.5,151.248,100.082,99.8771,77.3802,2631.2,10973.2,3063380.14,,,15.54
2013-11-01,0.08,,0.08,0.1,0.33,1.37,2.65,3.69,0.5,,0.09,3.25,4.63,5.38,2.96,3.2,4.1,1100,160.07,107.2,11562.5,12013.7,12510.6,12998.9,4.5,6.9,235.359,109.7,151.993,100.3158,99.8721,77.4988,2638.8,10981.9,3075875.88,,,13.28
2013-12-01,0.09,,0.11,0.13,0.28,1.37,2.75,3.82,0.6,,0.09,3.25,4.62,5.38,2.94,3.3,4.29,1002,160.99,107.2,11593.2,12024.7,12551.8,13019.1,4.5,6.7,235.759,109.8,152.457,100.5175,99.6773,77.5927,2674.2,11046.9,3090467.79,,,13.7
2014-01-01,0.07,,,,,,,,,,0.09,,4.49,5.19,3,3.52,4.48,888,161.92,108.1,11578.8,11985,12636.2,13079.5,5.2,6.6,235.961,110.1,151.535,100.1599,98.6228,77.254,2714.1,11116.6,3113002.96,,,
2014-02-01,0.07,,0.06,0.1,0.34,1.49,2.67,3.61,0.53,,0.1,3.25,4.45,5.1,3.12,3.4,4.32,944,162.517,108.3,11636.9,12039.4,12708.5,13148,5.3,6.7,236.185,110.3,150.718,100.9168,99.5446,77.7747,2730.2,11182.3,3133891.8,,,18.41
2014-03-01,0.08,,0.08,0.12,0.33,1.51,2.66,3.59,0.49,,0.1,3.25,4.38,5.06,3.05,3.39,4.37,970,163.073,108.5,11722.3,12108.3,12798.5,13219.9,5.2,6.7,236.625,110.7,149.641,101.8942,100.4304,78.4628,2749.3,11218.2,3150697.02,,,14
2014-04-01,0.09,,0.06,0.13,0.44,1.74,2.77,3.6,0.63,,0.1,3.25,4.24,4.9,3.1,3.42,4.4,1043,163.375,108.7,11762.3,12128.1,12870,13270.2,5.4,6.2,237.072,110.8,149.217,101.9928,100.4384,78.4705,2774.2,11263.1,3173234.63,,,13.1
2014-05-01,0.09,,0.05,0.1,0.41,1.66,2.63,3.41,0.43,,0.1,3.25,4.16,4.76,3.05,3.38,4.29,1007,163.64,108.8,11807.3,12154.5,12932.6,13312.9,5.6,6.3,237.529,111,149.006,102.3836,100.7026,78.6999,2785.3,11327.6,3192546.34,,,13.25
2014-06-01,0.1,,0.06,0.1,0.37,1.54,2.48,3.33,0.26,,0.1,3.25,4.25,4.8,2.96,3.21,4.12,911,164.05,109,11861.7,12197.1,12993,13360.4,5.6,6.1,237.837,110.9,148.921,102.735,101.0359,78.8952,2817.2,11382.8,3209899.68,,,11.4
2014-07-01,0.09,,0.06,0.11,0.47,1.66,2.58,3.4,0.32,,0.1,3.25,4.16,4.73,2.98,3.22,4.14,1085,164.574,109.3,11904.4,12223.6,13037.2,13386.8,5.5,6.2,238.195,111.3,149.216,102.9632,101.516,78.9933,2837.3,11437.5,3231535.62,,,11.15
2014-08-01,0.09,,0.05,0.13,0.47,1.67,2.52,3.29,0.25,,0.11,3.25,4.08,4.69,3.01,3.23,4.12,984,165.198,109.4,11983.7,12306.5,13093.2,13445.9,5.3,6.1,238.405,111.3,149.472,102.7688,100.9258,78.7669,2787,11461.6,3248721.35,,,17.03
2014-09-01,0.09,,,,,,,,,,0.1,,4.11,4.8,2.97,3.25,4.1,1023,165.889,109.6,11991.4,12310.2,13137,13486.3,5.5,5.9,238.786,111.1,149.859,103.0641,100.9676,78.9218,2861.2,11502.8,3265101.43,,,
2014-10-01,0.09,,0.04,0.1,0.53,1.69,2.42,3.12,0.46,,0.1,3.25,3.92,4.69,3.08,3.36,4.2,1074,166.626,109.9,12064.7,12389.1,13195.9,13550.7,5.4,5.7,239.191,111.3,148.954,103.0764,100.8816,78.8663,2880.4,11576.6,3275438.44,,,16.71
2014-11-01,0.09,,0.05,0.11,0.5,1.62,2.35,3.07,0.43,,0.1,3.25,3.92,4.79,2.94,3.13,3.98,1001,167.32,110.1,12083.9,12420.6,13255,13624.4,5.6,5.8,239.458,111.1,147.488,103.7126,101.593,79.2962,2888.2,11617.3,3283048.38,,,14.03
2014-12-01,0.12,,0.08,0.13,0.49,1.52,2.22,2.95,0.43,,0.13,3.25,3.79,4.74,3.01,3.17,3.97,1073,168.035,110.1,12096.1,12455.1,13323.7,13719.1,6,5.6,239.584,110.8,145.83,103.7044,101.3884,79.2419,2955.8,11701,3309539.83,,,14.29
2015-01-01,0.11,,,,,,,,,,0.12,,3.46,4.45,3.01,3.15,3.87,1085,168.61,110.3,12066.7,12484.7,13335.7,13797.7,6.3,5.7,239.811,110.1,144.875,102.8905,100.7857,78.5803,2955.6,11787.8,3319930.47,,,
2015-02-01,0.11,,0.07,0.18,0.47,1.18,1.68,2.25,0.03,,0.12,3.25,3.61,4.51,2.86,2.98,3.66,886,169.104,110.4,12116.6,12514.1,13408.1,13848,6.4,5.5,240.172,109.6,147.264,102.2335,100.0389,78.055,3025.2,11904.7,3337844.15,,,20.97
2015-03-01,0.11,,0.07,0.22,0.63,1.5,2,2.6,0.17,,0.11,3.25,3.64,4.54,2.99,3.07,3.8,960,169.776,110.6,12176.1,12551.8,13397.8,13811.3,5.9,5.4,240.755,109.8,147.694,101.8914,100.3616,77.7804,3001.2,11902.8,3360575.76,,,13.34
2015-04-01,0.12,,0.12,0.27,0.55,1.32,1.87,2.47,0.07,,0.1,3.25,3.52,4.48,2.92,2.97,3.69,1190,170.277,110.7,12209.1,12574.8,13439.5,13842,5.9,5.4,241.346,109.6,148.404,101.3355,100.3447,77.3487,3002.7,11936.7,3382639.53,,,15.11
2015-05-01,0.12,,0.05,0.25,0.6,1.5,2.12,2.82,0.18,,0.12,3.25,3.98,4.89,2.85,2.94,3.68,1079,170.86,111.2,12275.4,12612.7,13494.8,13865.6,5.8,5.6,241.688,110,149.29,100.8883,100.3722,77.0092,2978.3,11964.2,3399365.69,,,12.7
2015-06-01,0.13,,0.07,0.26,0.64,1.55,2.19,2.94,0.39,,0.14,3.25,4.19,5.13,2.9,3.11,3.87,1205,171.457,111.5,12307.9,12621.6,13529.3,13874.1,5.7,5.3,242.064,110.3,149.48,100.571,99.9743,76.7774,3014.8,12004.6,3425250.89,,,13.97
2015-07-01,0.13,,0.13,0.28,0.69,1.7,2.43,3.2,0.54,,0.13,3.25,4.15,5.2,2.98,3.21,4.02,1146,172.132,111.6,12364.9,12668.4,13572.5,13905.7,5.6,5.2,242.565,110.5,149.078,101.2228,100.7102,77.2924,3035.1,12048.3,3444143.74,,,16.09
2015-08-01,0.14,,0.14,0.33,0.67,1.54,2.2,2.92,0.46,,0.18,3.25,4.04,5.19,2.95,3.17,3.98,1130,172.909,111.6,12396.2,12699.7,13602.8,13935.8,5.6,5.1,242.817,110.3,148.295,101.0367,100.4099,77.1715,3014.3,12093.1,3460249.09,,,12.12
2015-09-01,0.14,,0.26,0.39,0.7,1.49,2.17,2.93,0.6,,0.22,3.25,4.07,5.34,2.9,3.06,3.84,1224,173.801,111.7,12386.4,12707.2,13619.5,13972.2,5.8,5,243.316,109.9,147.554,100.7547,100.1731,76.9791,3038,12154.3,3487879.79,,,31.4
2015-10-01,0.12,,0.08,0.31,0.64,1.37,2.05,2.85,0.59,,0.18,3.25,3.95,5.34,2.91,3.07,3.85,1058,174.765,111.8,12394.9,12715.9,13643.6,13996.9,5.8,5,243.768,109.6,146.397,100.2675,100.0112,76.6282,3017.9,12205.6,3502824.92,,,22.55
2015-11-01,0.12,,0.23,0.34,0.75,1.52,2.16,2.93,0.63,,0.2,3.25,4.06,5.46,2.89,2.98,3.76,1172,175.71,111.9,12423.2,12737,13648.6,13993.4,5.6,5.1,244.241,109.7,144.85,99.5298,99.7327,76.0819,3074.6,12296.9,3510642.87,,,15.07
2015-12-01,0.24,,0.42,0.51,0.91,1.59,2.15,2.91,0.58,,0.36,3.25,3.97,5.46,3.01,3.18,3.95,1146,176.515,111.9,12452,12777.3,13702.2,14060.2,5.8,5,244.547,109.6,143.955,99.0417,99.4727,75.7214,3106.3,12368.2,3400230.33,,,14.67
2016-01-01,0.34,,,,,,,,,,0.47,,4,5.45,3.08,3.24,4.01,1092,177.243,112,12478,12798.7,13767.2,14121.1,6.1,4.8,244.955,110,144.638,99.5607,99.9002,76.1248,3107.2,12505.5,3419760.04,,,
2016-02-01,0.38,,0.47,0.47,0.81,1.38,1.97,2.77,0.57,,0.47,3.5,3.96,5.34,2.9,3.07,3.79,1225,177.625,112.1,12554.5,12884,13773.8,14135.3,5.6,4.9,245.51,109.7,143.979,99.0445,99.569,75.7291,3142.5,12577.7,3438515.07,1939.38,16449.18,19.98
2016-03-01,0.36,,0.5,0.68,0.85,1.31,1.83,2.7,0.35,,0.47,3.5,3.82,5.13,2.79,2.93,3.62,1111,178.143,112.1,12537,12836.1,13806,14135.4,5.9,5,245.913,109.7,143.659,98.3096,99.5203,75.1587,3157.8,12628.6,3466202.59,1978.35,16865.08,17.7
2016-04-01,0.37,,0.4,0.62,0.76,1.24,1.79,2.62,0.17,,0.48,3.5,3.62,4.79,2.9,2.98,3.71,1163,178.743,112.2,12611.5,12870.2,13822.6,14106.2,5.5,5.1,246.551,109.9,145.475,98.6421,99.4128,75.3969,3200.1,12707.6,3486177.34,2072.78,17792.75,13.1
2016-05-01,0.37,,0.4,0.56,0.77,1.28,1.83,2.66,0.12,,0.48,3.5,3.65,4.68,2.86,2.89,3.66,1148,179.403,112.5,12652.7,12891.2,13834.7,14095.5,5.3,4.8,247.137,110.1,146.416,98.4184,99.334,75.2034,3236.8,12774.6,3503680.59,2065.3,17773.64,15.7
2016-06-01,0.38,,0.49,0.7,0.91,1.39,1.85,2.63,0.31,,0.49,3.5,3.5,4.53,2.87,2.89,3.64,1203,180.068,112.5,12731.2,12948.6,13868.1,14104.9,4.9,4.9,247.54,110.6,144.887,98.8833,99.5908,75.5298,3242.5,12835.1,3524010.3,2099.33,17789.67,14.2
2016-07-01,0.39,,0.37,0.45,0.59,1,1.46,2.24,0.03,,0.46,3.5,3.28,4.22,2.7,2.78,3.48,1239,180.839,112.6,12756.7,12972.2,13924.8,14160.1,5.1,4.8,247.829,110.5,143.27,98.9992,99.6224,75.5839,3242.1,12889.3,3542768.11,2102.95,17949.37,14.77
2016-08-01,0.4,,0.4,0.5,0.67,1.06,1.51,2.24,0.05,,0.5,3.5,3.32,4.24,2.78,2.78,3.48,1171,181.823,113.3,12788.1,12986.1,13960.5,14176.7,5.1,4.9,248.423,110.3,142.803,98.85,99.1988,75.432,3310.8,12973.6,3565415.37,2170.84,18404.51,12.44
2016-09-01,0.4,,0.47,0.6,0.78,1.18,1.57,2.23,0.12,,0.53,3.5,3.41,4.31,2.83,2.77,3.46,1068,182.796,113.6,12846.6,13020.9,14019,14209.1,5.1,5,248.842,110.6,144.851,98.7457,99.3936,75.3145,3319.6,13033.8,3586384.17,2170.86,18419.3,13.48
2016-10-01,0.4,,0.45,0.59,0.77,1.14,1.6,2.32,0,,0.58,3.5,3.51,4.38,2.81,2.72,3.42,1313,183.722,113.7,12867,13014.9,14073.7,14235.4,5.3,4.9,249.142,110.9,142.217,98.7611,99.4863,75.2918,3332,13107.1,3601496.03,2168.27,18308.15,13.29
2016-11-01,0.41,,0.5,0.65,0.83,1.3,1.83,2.58,0.11,,0.62,3.5,3.86,4.71,2.84,2.78,3.47,1140,184.73,114,12893,13036.8,14116.1,14273.6,5.4,4.7,249.481,111.1,139.975,98.3491,99.3724,74.9498,3347.1,13180.6,3618234.46,2111.72,18037.1,18.56
2016-12-01,0.54,,0.6,0.82,1.14,1.9,2.45,3.1,0.48,,0.74,3.5,4.06,4.83,3.15,3.34,4.08,1252,185.695,114.5,13005.9,13128.5,14180.1,14313.7,5,4.7,249.92,111.4,139.457,99.0214,99.3843,75.4424,3345.4,13225.8,3636437.75,2191.08,19191.93,14.07
2017-01-01,0.65,,0.62,0.85,1.2,1.93,2.45,3.06,0.5,,0.8,3.75,3.92,4.66,3.3,3.55,4.32,1190,186.776,114.7,13063.7,13136.3,14294.2,14373.7,5.3,4.7,250.467,111.9,138.761,98.7611,99.5441,75.2339,3399.1,13300.3,3653343.88,2238.83,19762.6,14.04
2017-02-01,0.66,,0.65,0.83,1.22,1.93,2.48,3.08,0.43,,0.77,3.75,3.95,4.64,3.2,3.4,4.19,1271,187.292,114.7,13088.4,13143.4,14356.4,14416.8,5.6,4.6,250.998,111.9,138.713,98.3646,99.4265,74.9346,3409.9,13367,3670001.71,2279.55,19890.94,11.81
2017-03-01,0.79,,0.79,0.92,1.29,1.99,2.46,3.06,0.43,,0.87,3.75,4.01,4.68,3.16,3.37,4.16,1190,187.971,114.9,13139.9,13201.7,14408.5,14476.3,5.6,4.4,250.944,112.1,139.232,99.0137,99.1019,75.4439,3455.8,13428.4,3685313.86,2395.96,21115.55,12.54
2017-04-01,0.9,,0.91,1.03,1.27,1.93,2.4,3.02,0.43,,0.92,4,3.87,4.57,3.18,3.39,4.14,1146,188.701,115,13169.2,13206.1,14468.8,14509.3,5.7,4.4,251.227,112.6,138.596,100.0224,100.3189,76.2392,3454.5,13484.4,3699276.18,2362.72,20663.22,12.37
2017-05-01,0.91,,0.98,1.09,1.28,1.84,2.33,3,0.41,,0.95,4,3.85,4.55,3.12,3.27,4.03,1157,189.587,115.2,13171.9,13214.5,14563.6,14610.7,6.3,4.4,251.43,112.5,138.601,100.1408,100.1472,76.368,3517.8,13536.4,3713355.62,2388.33,20913.46,10.11
2017-06-01,1.04,,1.07,1.16,1.28,1.76,2.21,2.87,0.4,,1.1,4,3.68,4.37,3.11,3.19,3.94,1249,190.478,115.4,13225.2,13256.7,14583.9,14618.7,6,4.3,251.746,112.6,137.691,100.3471,100.1949,76.5758,3525.5,13558.1,3729019.93,2430.06,21144.18,9.89
2017-07-01,1.15,,1.14,1.24,1.38,1.89,2.31,2.84,0.58,,1.17,4.25,3.7,4.39,3.17,3.17,3.88,1206,191.438,115.5,13263.3,13290.1,14630.7,14660.2,6,4.3,251.985,112.7,136.872,100.1068,99.8077,76.4534,3546.3,13615.1,3744877.31,2423.41,21349.63,11.18
2017-08-01,1.16,,1.15,1.22,1.34,1.8,2.26,2.86,0.47,,1.18,4.25,3.63,4.31,3.18,3.2,3.92,1159,192.621,115.6,13294.6,13291.7,14681.5,14678.3,6.1,4.4,252.535,113.1,136.875,99.6925,99.6412,76.2067,3581.8,13674.3,3758495.85,2476.35,21963.92,10.09
2017-09-01,1.15,,1.1,1.24,1.35,1.73,2.16,2.77,0.37,,1.18,4.25,3.63,4.3,3.14,3.12,3.82,1181,193.715,115.7,13417.3,13364.4,14764.1,14706,5.9,4.3,252.812,113.5,135.033,99.7954,99.6858,76.3591,3563.6,13722.7,3773286.65,2476.55,21987.56,10.13
2017-10-01,1.15,,1.2,1.31,1.47,1.92,2.33,2.86,0.49,,1.21,4.25,3.6,4.32,3.2,3.13,3.83,1257,194.762,115.8,13447.5,13377,14826.3,14748.6,6,4.2,253.526,113.9,137.803,101.0247,100.7464,77.3753,3603.9,13782,3796951.2,2519.36,22405.09,9.51
2017-11-01,1.16,,1.3,1.46,1.61,2.01,2.37,2.85,0.49,,1.28,4.25,3.57,4.27,3.21,3.25,3.94,1273,195.914,115.9,13540.6,13450.3,14870.2,14771.1,5.6,4.2,253.816,114.3,138.261,101.2664,100.8253,77.6337,3622,13814.6,3816268.18,2579.36,23435.01,10.2
2017-12-01,1.3,,1.45,1.62,1.78,2.13,2.37,2.76,0.51,,1.43,4.25,3.51,4.22,3.32,3.3,3.9,1177,197.136,115.9,13666.1,13555.4,14918.8,14797.9,5,4.1,254.344,114.4,138.123,101.4644,100.5601,77.8538,3612.6,13873.5,3830784.99,2642.22,24231.59,11.43
2018-01-01,1.41,,,,,,,,,,1.59,,3.55,4.26,3.47,3.44,3.99,1299,198.281,116.5,13703.3,13541.3,15064.6,14886.6,5.7,4,255.204,114.8,138.559,101.4625,100.2412,77.9138,3659.1,13882.9,3847835.29,,,
2018-02-01,1.42,,1.64,1.89,2.16,2.56,2.78,3.01,0.67,,1.69,4.5,3.82,4.51,3.53,3.68,4.22,1277,199.21,116.5,13738.7,13547.3,15132,14921.1,5.8,4.1,255.711,115.1,138.643,101.7085,101.1146,78.1508,3621.3,13919,3863797.02,2821.98,26186.71,13.47
2018-03-01,1.51,,1.85,2.05,2.22,2.58,2.81,3.09,0.71,,1.9,4.5,3.87,4.64,3.62,3.9,4.43,1318,199.945,116.8,13793.2,13586.5,15202.6,14974.8,5.9,4,256.271,115.3,138.212,102.2067,101.06,78.5697,3667.4,13975.8,3876055.41,2677.67,24608.98,22.47
2018-04-01,1.69,,,,,,,,,,2,4.75,3.85,4.67,3.66,3.9,4.44,1276,200.632,116.9,13838.4,13598.7,15271.7,15007.2,6,4,256.63,115.5,137.876,103.3329,101.8116,79.4597,3664,13993.7,3883468.11,,,
2018-05-01,1.7,,2.05,2.26,2.5,2.82,2.97,3.13,0.81,1.76,2.03,4.75,4,4.83,3.74,4.02,4.58,1357,201.391,117.1,13905,13640.5,15349.7,15057.8,6,3.8,257.145,115.9,138.533,102.4024,100.9887,78.7526,3655.7,14049.4,3900522.44,2654.8,24099.05,15.49
2018-06-01,1.82,,2.1,2.28,2.47,2.74,2.89,3.04,0.8,1.81,2.08,4.75,3.96,4.83,3.8,4.06,4.56,1192,202.18,117.3,13930.4,13653.7,15425.7,15119.3,6.3,4,257.399,116.3,137.952,103.198,101.7103,79.356,3655.9,14109.7,3902512.72,2734.62,24635.21,13.46
2018-07-01,1.91,,2.11,2.33,2.52,2.73,2.85,2.98,0.74,2.12,2.12,5,3.87,4.79,3.87,4.04,4.55,1208,202.874,117.4,13974.8,13682.7,15508.8,15184.7,6.5,3.8,257.699,116.4,137.608,103.3646,101.7704,79.4588,3679.5,14143.9,3924685.82,2718.37,24271.41,16.09
2018-08-01,1.91,,2.22,2.45,2.67,2.87,3,3.13,0.87,1.88,2.12,5,3.88,4.77,3.87,4.02,4.54,1288,203.633,117.7,14014,13711.5,15574.8,15238.6,6.6,3.8,257.891,116.5,138.093,104.0327,102.0029,79.9322,3686.3,14193.6,3945881.92,2813.36,25333.82,13.15
2018-09-01,1.95,,2.28,2.46,2.62,2.74,2.86,3.02,0.78,1.97,2.19,5,3.98,4.88,3.85,3.97,4.52,1250,204.294,117.8,14017.8,13687.1,15605.6,15237.5,6.8,3.7,258.368,116.7,136.92,104.1004,102.0449,79.9314,3694.8,14229.1,3957685.36,2901.52,25964.82,12.86
2018-10-01,2.19,,2.4,2.6,2.82,2.96,3.09,3.24,0.95,2.22,2.31,5.25,4.14,5.07,3.97,4.16,4.72,1221,205.062,118.2,14083.1,13727.1,15670.2,15274.1,6.7,3.8,258.917,117.5,138.247,103.9856,101.6625,79.7802,3722.9,14241.1,3976272.51,2924.59,26651.21,12
2018-11-01,2.2,,2.49,2.67,2.84,2.96,3.14,3.38,1.12,2.22,2.45,5.25,4.22,5.22,4.04,4.23,4.83,1181,205.636,118.5,14162.9,13800.3,15717.7,15315.2,6.5,3.8,259.439,117.4,139.763,104.0681,101.403,79.7722,3697.3,14260.5,3991704.17,2740.37,25380.74,19.34
2018-12-01,2.27,,2.52,2.7,2.8,2.84,3.01,3.3,1.04,2.28,2.52,5.25,4.02,5.13,4.12,4.25,4.81,1095,206.128,118.7,14051.6,13682.3,15925,15506.5,8.4,3.9,260.063,117.4,140.18,104.0936,101.769,79.7142,3761,14382.3,4007041.95,2760.17,25538.46,18.07
2019-01-01,2.4,,,,,,,,,,2.55,,3.93,5.12,4,4.01,4.55,1226,206.518,119.2,14084.6,13721.7,15947.1,15536.3,8.4,4,260.766,117,142.214,103.4021,100.8777,79.1024,3754.1,14445.7,4027115.1,,,
2019-02-01,2.4,,2.46,2.56,2.52,2.51,2.7,3.03,0.82,2.47,2.49,5.5,3.79,4.95,3.96,3.89,4.46,1121,206.838,120,14117.4,13728.5,16001.2,15560.4,8.5,3.8,261.186,117.2,142.272,102.8371,100.2878,78.5877,3762.3,14480.8,4039700.24,2706.53,25063.89,16.14
2019-03-01,2.41,,2.52,2.55,2.55,2.56,2.76,3.13,0.8,2.38,2.49,5.5,3.77,4.84,3.84,3.77,4.35,1191,207.055,120.1,14248.6,13824.8,16043.6,15566.5,7.9,3.8,261.567,117.6,141.218,102.8757,100.0465,78.5337,3738.4,14525.9,4051968.06,2803.69,26026.32,13.57
2019-04-01,2.42,,2.46,2.41,2.33,2.31,2.49,2.89,0.59,2.46,2.47,5.5,3.69,4.7,3.75,3.57,4.06,1272,207.505,120.3,14290,13825.9,16055.6,15534.2,7.6,3.7,261.997,118.2,139.895,102.274,99.4028,77.9898,3789.9,14554.2,4068537.58,2867.19,26258.42,13.4
2019-05-01,2.39,,2.44,2.39,2.31,2.31,2.52,2.92,0.59,2.54,2.44,5.5,3.67,4.63,3.77,3.64,4.2,1293,208.105,120.7,14353.3,13877.1,16065.5,15532.4,7.3,3.6,262.217,118.3,138.573,102.392,99.3987,77.9962,3789.2,14652,4083364.56,2923.73,26430.14,14.8
2019-06-01,2.38,,2.35,2.21,1.95,1.93,2.14,2.58,0.4,2.49,2.31,5.5,3.42,4.46,3.6,3.46,3.99,1243,208.567,120.2,14408.7,13924.1,16103.7,15562.1,7.1,3.6,262.739,118.2,138.241,102.4375,99.7717,77.9493,3832.1,14771,4093992.14,2752.06,24815.04,18.71
2019-07-01,2.4,,2.1,1.94,1.78,1.79,2.03,2.55,0.34,2.42,2.19,5.5,3.29,4.28,3.39,3.16,3.73,1240,209.185,120.9,14496,13989.9,16145,15581.4,6.8,3.7,263.28,118.5,138.132,101.9408,99.0618,77.4935,3862.5,14853.1,4117712.6,2964.33,26717.43,14.06
2019-08-01,2.13,,2.04,1.88,1.73,1.68,1.9,2.44,0.2,2.19,2.07,5.25,2.98,3.87,3.46,3.2,3.75,1375,210.009,121.1,14558.2,14043.6,16238.4,15664.3,6.9,3.6,263.877,118.6,138.686,102.639,99.7154,77.9497,3847.1,14934.3,4134319.33,2953.56,26583.42,17.87
2019-09-01,2.04,,1.89,1.76,1.5,1.39,1.5,1.96,-0.05,2.16,1.95,5.25,3.03,3.91,3.31,3.06,3.58,1311,210.817,121.1,14590.6,14066.2,16282.7,15697.5,7,3.5,264.388,118.3,138.694,102.2917,98.9031,77.6205,3894,15031,4146326.69,2926.46,26403.28,18.98
2019-10-01,1.83,,1.81,1.73,1.56,1.51,1.65,2.11,0.13,1.88,1.8,5,3.01,3.92,3.38,3.16,3.64,1325,211.72,121.2,14617.4,14067.2,16332.8,15718.1,7.1,3.6,264.97,118.8,139.701,101.4281,98.0889,76.9099,3926.3,15166.9,4163620.6,2940.25,26573.04,18.56
2019-11-01,1.55,,1.55,1.53,1.56,1.55,1.73,2.21,0.14,1.58,1.62,4.75,3.06,3.94,3.43,3.19,3.78,1353,212.761,121.3,14711,14142.8,16400.2,15766.9,6.9,3.6,265.548,118.6,139.579,101.9372,98.9065,77.252,3942.6,15276.4,4164684.83,3066.91,27347.36,12.3
2019-12-01,1.55,,1.63,1.6,1.61,1.62,1.78,2.21,0.17,1.65,1.7,4.75,3.01,3.88,3.43,3.15,3.68,1548,213.925,121.3,14774.8,14165.7,16358.1,15683.8,6.2,3.6,266.02,119,140.088,101.7003,98.9568,77.0416,4003.6,15347.6,4192191.39,3140.98,28051.41,12.62
2020-01-01,1.55,,,,,,,,,,1.58,,2.94,3.77,3.45,3.19,3.74,1581,215.009,122.2,14868.3,14230.7,16552.7,15842.8,6.8,3.6,266.716,119.2,139.424,101.0338,98.6069,76.519,3989.3,15416.3,4171798.04,,,
2020-02-01,1.58,,1.54,1.45,1.33,1.32,1.51,1.99,-0.14,1.6,1.56,4.75,2.78,3.61,3.24,3,3.51,1549,215.859,122.3,14828.1,14181.4,16625.5,15900.3,7.5,3.5,267.37,118.6,140.593,101.3735,98.8309,76.7764,4001.1,15466.6,4185445.34,3225.52,28256.03,18.84
2020-03-01,0.65,,1.11,0.97,0.86,0.89,1.13,1.65,-0.28,1.6,1.44,4.75,3.02,4.29,3.2,2.95,3.45,1266,216.41,120.9,13812.8,13249.1,16370.4,15702.3,12.4,4.4,267.054,118,141.667,97.4078,94.3639,73.7887,4266,15993.4,4171393.21,2954.22,25409.36,40.11
2020-04-01,0.05,,0.14,0.16,0.23,0.37,0.62,1.27,-0.29,0.01,0.98,3.25,2.43,4.13,3.34,2.92,3.5,936,216.812,120.7,12249.2,11798.6,18703.3,18015.3,31.8,14.8,265.746,116.6,138.89,84.5619,79.8587,64.0847,4804.3,17005.4,4106902.98,2470.5,20943.51,57.06
2020-05-01,0.05,,0.12,0.17,0.2,0.36,0.64,1.27,-0.42,0.03,0.28,3.25,2.5,3.95,3.14,2.77,3.23,1039,216.925,120.7,13281.5,12780.5,17780.7,17110,22.6,13.2,265.412,117.2,137.922,85.9604,83.4204,65.1874,16231.5,17852.9,4090245.93,2830.71,23723.69,37.19
2020-06-01,0.08,,0.18,0.17,0.14,0.31,0.66,1.46,-0.52,0.06,0.18,3.25,2.44,3.64,3.13,2.62,3.15,1266,217.483,120.7,14049.2,13476.8,17774.4,17050.2,18.3,11,265.849,117.5,134.156,91.5934,89.9764,69.5218,16554.5,18140.6,4102329.81,3055.73,25475.02,28.23
2020-07-01,0.09,,0.17,0.16,0.17,0.31,0.69,1.43,-0.68,0.11,0.14,3.25,2.14,3.31,3.08,2.59,3.13,1526,219.193,120.8,14307.2,13683.5,17987.1,17202.9,17.9,10.2,267.389,118.2,136.77,95.0256,93.2857,72.2103,16761.7,18297.7,4118158.78,3115.86,25734.97,28.62
2020-08-01,0.1,,0.1,0.11,0.11,0.21,0.55,1.2,-1,0.1,0.12,3.25,2.25,3.27,2.94,2.51,2.99,1396,222.261,120.8,14462.2,13793,17344.6,16542,13.9,8.4,268.422,118.4,144.102,95.9549,94.6243,73.0192,16879.5,18364.1,4113990.24,3271.12,26428.32,24.46
2020-09-01,0.09,,0.13,0.12,0.13,0.26,0.68,1.43,-1.08,0.09,0.12,3.25,2.31,3.36,2.91,2.46,2.91,1473,225.714,120.9,14668.1,13964.6,17471.8,16633.7,13.3,7.8,268.933,118.8,152.968,95.9669,94.5995,73.1451,17159.2,18596.4,4129452.39,3526.65,28645.66,26.12
2020-10-01,0.09,,0.1,0.12,0.14,0.27,0.68,1.45,-0.95,0.08,0.11,3.25,2.35,3.44,2.9,2.36,2.88,1543,229.657,120.9,14725.8,14007.1,17424,16573.6,12.8,6.9,269.306,119.4,155.964,96.7394,95.5707,73.8636,17360.5,18751.1,4134643.38,3380.8,27816.9,26.7
2020-11-01,0.09,,0.11,0.13,0.14,0.38,0.88,1.65,-0.82,0.09,0.13,3.25,2.3,3.3,2.88,2.32,2.81,1543,233.223,121,14701.6,13970.3,17239.3,16381.8,12,6.7,269.981,119.5,154.817,97.0816,96.0944,74.2637,17618.5,18978.9,4135719.78,3269.96,26501.6,38.02
2020-12-01,0.09,,0.1,0.12,0.17,0.42,0.92,1.66,-0.89,0.08,0.13,3.25,2.26,3.16,3.16,2.28,2.72,1614,236.553,121.1,14822,14026.7,17327.5,16397.7,11.8,6.7,270.341,120,154.216,98.363,96.8555,75.3903,17827.9,19133,4149026.48,3662.45,29823.92,20.77
2021-01-01,0.09,,,,,,,,,,0.1,,2.45,3.24,2.71,2.17,2.67,1630,239.66,121.1,15073,14204.7,19306.1,18194,19.5,6.4,270.416,121.2,153.361,98.8822,97.7998,75.9401,18088.5,19359.5,4157826.38,,,
2021-02-01,0.08,,0.08,0.08,0.11,0.42,1.09,1.84,-1.02,0.07,0.08,3.25,2.7,3.42,2.8,2.2,2.73,1404,242.382,121.2,14983.5,14074.1,17776.2,16697.3,13,6.2,270.776,122,153.647,95.6149,93.7406,73.5725,18349.1,19596.5,4177322.53,3773.86,30211.91,30.24
2021-03-01,0.07,,0.07,0.08,0.13,0.71,1.45,2.23,-0.71,0.02,0.08,3.25,3.04,3.74,2.99,2.34,2.97,1696,245.473,121.4,15709.7,14680,21959.4,20520,26.2,6.1,271.453,122.8,154.93,98.3856,96.6782,75.8472,18607.9,19823.2,4190733.4,3901.82,31535.51,23.35
2021-04-01,0.07,,0.04,0.06,0.17,0.9,1.69,2.34,-0.66,0.01,0.06,3.25,2.9,3.6,2.84,2.45,3.18,1495,249.039,122.9,15917.5,14796,18741.2,17420.7,12.4,6.1,273.626,124.1,168.006,98.5587,96.8939,76.1216,18969.5,20161.5,4207768.45,4019.87,33153.21,17.33
2021-05-01,0.06,,0.03,0.05,0.16,0.86,1.65,2.3,-0.76,0.01,0.05,3.25,2.96,3.62,2.64,2.31,2.98,1589,253.244,123.9,15973.5,14771.4,18299.5,16922.4,10,5.8,275.457,125.3,178.929,99.4333,97.9551,76.931,19257.9,20430.5,4238937.19,4181.17,33874.85,18.61
2021-06-01,0.08,,0.04,0.04,0.16,0.81,1.62,2.3,-0.84,0.01,0.05,3.25,2.79,3.44,2.59,2.27,2.95,1650,258.063,126,16191.7,14892.6,18306.9,16838.1,8.8,5.9,277.608,126.2,194.846,99.7987,97.9706,77.3367,19318.7,20472.9,4389849.1,4202.04,34575.31,17.9
2021-07-01,0.1,,0.05,0.09,0.25,0.89,1.48,2.07,-0.87,0.05,0.06,3.25,2.57,3.24,2.54,2.26,2.98,1597,262.429,127.353,16239.7,14869,18511.8,16949.3,9.5,5.4,278.639,127.484,193.734,100.2519,98.8487,77.7972,19488.5,20628.2,4406029.54,4319.94,34633.53,15.48
2021-08-01,0.09,0.15,0.05,0.07,0.19,0.69,1.24,1.89,-1.16,0.05,0.06,3.25,2.55,3.24,2.45,2.1,2.8,1594,266.586,129.793,16412.9,14970.2,18547.5,16917.1,8.7,5.1,279.021,128.591,190.066,100.0437,98.2683,77.7308,19686.8,20811.1,4423797.93,4395.26,34935.47,18.24
2021-09-01,0.08,0.15,0.06,0.07,0.2,0.78,1.31,1.92,-1.03,0.05,0.06,3.25,2.53,3.23,2.42,2.17,2.87,1577,270.177,131.585,16489.6,14990.6,18401.3,16728.5,7.6,4.7,279.727,129.234,190.308,98.8579,97.0654,76.8871,19867.8,20979.2,4447544.21,4524.09,35312.53,16.11
2021-10-01,0.08,0.15,0.05,0.09,0.27,0.93,1.48,2.04,-0.9,0.05,0.06,3.25,2.68,3.35,2.48,2.28,3.01,1579,273.623,131.908,16704.2,15085.5,18529.1,16733.5,7,4.5,281.649,130.037,197.214,100.1861,98.4333,77.9838,20046.4,21142.1,4464094.97,4357.04,34326.46,21.15
2021-11-01,0.08,0.15,0.06,0.15,0.5,1.2,1.58,1.98,-0.92,0.05,0.08,3.25,2.62,3.28,2.56,2.37,3.14,1705,277.323,132.622,16849.8,15115.9,18600.5,16686.4,6.6,4.1,283.411,131.404,203.485,100.8654,99.0146,78.562,20234.8,21316.6,4489285.61,4613.67,35913.84,16.41
2021-12-01,0.08,0.15,0.1,0.25,0.56,1.15,1.43,1.77,-1.01,0.05,0.13,3.25,2.65,3.3,2.47,2.42,3.1,1722,281.6,132.571,16891,15059.2,18631.4,16610.8,6.6,3.9,285.221,132.252,211.728,100.5726,98.897,78.3687,20398.8,21471,4512720.41,4513.04,34022.04,31.12
2022-01-01,0.08,0.15,0.19,0.39,0.73,1.26,1.52,1.9,-1.04,0.05,0.15,3.25,2.93,3.58,2.41,2.33,3.11,1702,286.182,135.453,16993.8,15067.8,18277.5,16206.1,4.2,4,286.799,133.579,215.494,100.1856,97.9535,78.088,20520.9,21587.3,4527332.7,4766.18,36338.3,17.22
2022-02-01,0.08,0.15,0.48,0.78,1.18,1.63,1.81,2.12,-0.62,0.05,0.21,3.25,3.25,3.97,2.7,2.8,3.55,1735,291.165,136.875,17106,15077.9,18387.6,16207.6,4.1,3.9,288.256,134.79,216.876,100.8064,98.5223,78.5777,20640.9,21684.9,4558346.19,4546.54,35405.24,21.96
2022-03-01,0.2,0.15,0.6,0.91,1.31,1.56,1.72,2.11,-0.9,0.05,0.63,3.25,3.43,4.29,2.98,3.14,3.89,1712,296.376,138.504,17347.2,15156.8,18457.9,16127.2,3.2,3.7,289.044,137.041,209.646,101.3907,98.9704,79.0253,20684.5,21721.3,4600150.62,4306.26,33294.95,33.32
2022-04-01,0.33,0.4,1.09,1.72,2.44,2.55,2.39,2.44,-0.41,0.3,0.87,3.5,3.76,4.66,3.5,3.83,4.67,1820,300.355,139.561,17490,15235.4,18511.9,16125.5,2.6,3.7,290.474,137.792,206.194,101.44,98.9204,79.0418,20727.2,21750,4633199.93,4545.86,34818.27,19.63
2022-05-01,0.77,0.4,1.41,2.1,2.7,2.92,2.89,2.96,0.01,0.28,1.08,3.5,4.13,5.12,3.78,4.4,5.1,1531,303.256,142.219,17574.5,15214.1,18601.3,16103,2.6,3.6,292.039,139.044,207.673,101.3335,98.4799,78.9224,20669.6,21690.7,4662495.89,4131.93,32977.21,33.4
2022-06-01,1.21,0.9,1.63,2.16,2.66,2.94,2.94,3.09,0.29,0.8,1.07,4,4.24,5.27,4.2,4.31,5.1,1551,304.064,143.611,17755.2,15223.6,18734.1,16062.9,2.2,3.6,294.009,140.256,208.687,101.018,97.9383,78.6259,20593.2,21642.9,4700193.52,4101.23,32813.23,25.69
2022-07-01,1.68,1.65,2.52,2.79,2.84,2.88,2.88,3.11,0.54,1.52,2.44,4.75,4.06,5.21,4.5,4.83,5.7,1381,303.149,141.309,17770.1,15237.1,18975.2,16270.4,3.3,3.5,295.08,139.823,206.552,101.223,98.0214,78.7204,20531.7,21641.7,4722331.55,3825.33,31097.26,26.7
2022-08-01,2.33,2.4,2.96,2.98,2.9,2.66,2.6,2.92,0.09,2.28,2.57,5.5,4.07,5.15,4.29,4.58,5.3,1531,300.998,141.408,17916.5,15319.8,19141.5,16367.3,3.2,3.6,296.582,139.739,204.837,101.0963,98.0019,78.5438,20435.1,21606.8,4751751.66,4118.63,32798.4,22.84
2022-09-01,2.56,2.4,3.34,3.51,3.51,3.39,3.26,3.37,0.81,2.29,,5.5,4.59,5.69,4.51,4.98,5.66,1488,299.062,141.805,17992.8,15330.5,19276,16423.8,3.4,3.5,298.281,140.212,203.94,101.2918,97.9936,78.6087,20281.5,21521,4778653.2,3966.85,31656.42,25.56
2022-10-01,3.08,3.15,3.92,4.05,4.22,4.06,3.83,3.79,1.68,2.98,3.81,6.25,5.1,6.26,5.3,5.96,6.7,1435,298.771,142.647,18109.6,15358.1,19428.1,16476.3,3.4,3.6,299.381,140.647,201.171,101.2529,98.239,78.4843,20092.2,21424.4,4810411.05,3585.62,28725.51,31.62
2022-11-01,3.78,3.15,4.58,4.75,4.54,4.27,4.07,4.14,1.56,3.05,4.25,6.25,4.9,6.07,5.96,6.36,7.08,1424,298.475,142.805,18108,15317.1,19509.7,16502.7,3.8,3.6,300.316,141.075,196.659,100.9552,97.4555,78.1544,19923,21358.1,4840770.62,3856.1,32653.2,25.81
2022-12-01,4.1,3.9,4.65,4.66,4.25,3.68,3.53,3.64,1.17,3.82,4.45,7,4.43,5.59,,5.76,6.49,1308,297.884,142.898,18116.5,15303.6,19625.4,16578.2,4.2,3.5,301.433,140.707,193.008,99.7664,95.7545,77.1334,19671.3,21219,4858467.57,4076.57,34395.01,19.84
2023-01-01,4.33,4.4,4.76,4.73,4.41,3.99,3.88,3.97,1.58,4.3,4.56,7.5,4.4,5.5,,5.68,6.42,1361,297.508,144,18449.1,15501.5,20121.6,16906.9,4.9,3.5,302.685,141.306,190.423,100.505,97.4332,77.601,19527.5,21205.3,4874126.47,3839.5,33147.25,21.67
2023-02-01,4.57,4.4,4.79,4.66,4.09,3.48,3.39,3.55,1.14,4.31,4.71,7.5,4.56,5.59,,5.17,6.13,1399,297.789,144.292,18491.6,15491.8,20289.8,16998.2,5.5,3.6,304.097,141.187,187.711,100.6416,97.4821,77.6078,19384.6,21184.5,4884912.07,4119.21,34092.96,17.87
2023-03-01,4.65,4.65,5.2,5.06,4.89,4.27,4.01,3.97,1.57,4.55,4.86,7.75,4.6,5.71,,5.76,6.5,1377,298.83,144.906,18520.4,15494,20438.8,17098.8,6,3.5,305.123,140.743,186.619,101.0205,96.8552,77.8036,18925,20876.1,4909610.57,3951.39,32661.84,20.58
2023-04-01,4.83,4.9,4.94,4.64,4.06,3.6,3.48,3.67,1.16,4.87,4.88,8,4.47,5.53,,5.56,6.32,1354,300.165,144.987,18641.8,15541.8,20553,17135.3,5.8,3.4,306.49,140.97,192.647,101.253,97.7738,77.888,18615.2,20729.8,4921913.96,4109.31,33274.15,18.7
2023-05-01,5.06,4.9,5.14,4.86,4.14,3.64,3.59,3.84,1.36,4.81,5.1,8,4.67,5.77,,5.71,6.43,1584,302.029,146.998,18664.6,15535.2,20660.8,17196.7,6.1,3.6,307.623,140.667,198.793,100.9286,97.5956,77.5496,18549.1,20801.1,4927070.79,4167.87,34051.7,16.08
2023-06-01,5.08,5.15,5.44,5.11,4.33,3.7,3.61,3.84,1.45,5.08,5.2,8.25,4.65,5.75,,6.18,6.79,1421,304.031,147.162,18773,15584.1,20739.2,17216.3,5.8,3.6,308.291,140.673,197.601,100.1196,96.9217,76.8467,18435,20782.6,4950407.77,4221.02,33061.57,15.65
2023-07-01,5.12,5.15,5.47,5.4,4.87,4.13,3.81,3.85,1.59,5.09,,8.25,4.66,5.74,,6.06,6.71,1460,306.265,147.309,18884.2,15658.4,20804.4,17250.6,5.5,3.5,308.959,141.443,194.701,100.9067,97.3075,77.3773,18342.1,20772,4959233.72,4450.38,34407.6,13.59
2023-08-01,5.33,5.4,5.54,5.38,4.92,4.24,4.05,4.11,1.68,5.31,5.34,8.5,4.95,6.02,,6.11,6.81,1317,309.053,147.378,18953.3,15668.6,20896.8,17275.3,5.6,3.7,309.646,142.367,191.078,100.8393,97.2654,77.2588,18226.1,20746.9,4945185.91,4576.73,35630.68,13.93
2023-09-01,5.33,5.4,5.47,5.36,4.87,4.29,4.18,4.29,1.92,5.31,5.34,8.5,5.13,6.16,,6.55,7.18,1371,311.27,147.4,19048.1,15688.7,20982.8,17282.2,5.3,3.7,310.616,142.737,187.65,101.0211,97.3037,77.3375,18124.7,20720.4,4955084.13,4515.77,34837.71,13.09
2023-10-01,5.33,5.4,5.53,5.46,5.03,4.6,4.59,4.73,2.24,5.31,5.38,8.5,5.61,6.63,,6.72,7.31,1368,313.262,147.479,19109.4,15730.9,21065.7,17341.3,5.4,3.9,311.433,142.202,186.879,100.4689,96.786,76.859,18022.5,20687.3,4965631.71,4288.05,33507.5,17.52
2023-11-01,5.33,5.4,5.51,5.37,4.95,4.67,4.77,4.96,2.36,5.32,5.38,8.5,5.28,6.29,,7.03,7.79,1514,314.12,147.535,19178.9,15786.9,21171.5,17427.1,5.6,3.7,312.373,142.26,189.444,100.8639,97.2483,77.1081,17957.4,20696.7,4989152.89,4237.86,33274.58,16.87
2023-12-01,5.33,5.4,5.33,5.05,4.56,4.14,4.22,4.4,2,5.39,5.36,8.5,4.74,5.64,,6.56,7.22,1521,315.077,147.564,19283.5,15851.3,21267,17481.7,5.6,3.8,313.23,142.206,190.57,100.6031,97.2445,76.858,17915,20701.3,4988252.94,4594.63,36245.5,12.63
2024-01-01,5.33,5.4,,,,,,,,,5.31,8.5,4.87,5.68,,5.93,6.61,1381,316.093,147.971,19303.3,15793.7,21480.9,17575.4,6.4,3.7,314.389,142.713,183.526,99.2223,95.7457,75.7542,17943.5,20773.2,5003263.54,,,
2024-02-01,5.33,5.4,5.15,4.68,4.2,3.8,3.87,4.1,1.68,5.32,,8.5,5.03,5.77,,5.94,6.63,1552,317.322,148.101,19446.5,15863.1,21571,17596.2,6.1,3.9,315.555,143.432,185.66,100.285,96.9553,76.5157,17984,20861.2,5013828.69,4906.19,38519.84,13.88
2024-03-01,5.33,5.4,5.27,4.94,4.54,4.17,4.19,4.33,1.87,5.31,5.32,8.5,5.01,5.75,,6.26,6.94,1312,318.336,148.967,19581.8,15916.3,21674.2,17617,5.9,3.9,316.762,143.513,184.709,100.4575,97.0896,76.5964,17980.5,20900.9,5013919.21,5137.08,39087.38,13.11
2024-04-01,5.33,5.4,5.36,5.06,4.72,4.34,4.33,4.47,1.98,5.35,5.34,8.5,5.28,6,,6.11,6.79,1385,319.238,153.316,19665.7,15945.2,21754.1,17638.6,5.8,3.9,317.596,144.208,182.026,100.2434,96.564,76.3803,17970.2,20929,5017407.51,5243.77,39566.85,13.65
2024-05-01,5.33,5.4,5.43,5.21,4.96,4.64,4.63,4.74,2.25,5.32,,8.5,5.25,5.95,,6.44,7.17,1316,319.93,153.336,19758,16019.2,21847.5,17713.3,5.8,3.9,318.053,144.255,180.533,100.863,97.1046,76.7961,17994.8,20989.5,5025704.11,5018.39,37903.29,15.39
2024-06-01,5.33,5.4,5.42,5.18,4.89,4.52,4.51,4.65,2.16,5.34,5.32,8.5,5.13,5.82,,6.36,7.03,1327,320.537,153.471,19844.5,16064.4,21928.1,17751.1,5.7,4.1,318.343,144.829,177.588,100.894,96.9264,76.7586,18026.5,21053,5027254.09,5277.51,38686.32,12.92
2024-07-01,5.33,5.4,5.37,5.1,4.77,4.44,4.48,4.64,2.16,5.4,5.26,8.5,5.12,5.84,,6.16,6.86,1265,321.295,153.837,19949.5,16123.8,21953.2,17743.2,5.3,4.2,318.933,144.869,175.034,99.9757,96.1663,75.9946,18023.1,21084.1,5045212.65,5475.09,39169.52,12.22
2024-08-01,5.33,5.4,5.08,4.62,4.16,3.84,3.99,4.27,1.79,5.35,5.12,8.5,4.87,5.6,,5.99,6.73,1391,322.33,154.174,20001.3,16145.7,21992.2,17752.9,5.2,4.2,319.839,145.36,174.762,100.4309,96.6244,76.2697,18077.4,21171,5052991.7,5446.68,40347.97,18.59
2024-09-01,5.13,5.4,4.89,4.38,3.91,3.71,3.91,4.2,1.76,5.32,4.85,8.5,4.68,5.42,,5.51,6.35,1357,323.479,154.175,20147.6,16227.8,22062.3,17769.9,4.8,4.1,320.835,145.792,175.644,99.8084,96.0864,75.7216,18142.6,21257.4,5057015.98,5648.4,41563.08,15
2024-10-01,4.83,4.9,4.36,3.96,3.61,3.51,3.74,4.08,1.55,5.05,4.61,8,4.95,5.63,,5.16,6.08,1352,324.524,154.186,20226,16247.7,22171.5,17810.5,5,4.1,321.688,146.242,177.776,99.4695,95.4449,75.3852,18199.8,21308.1,5067276.2,5708.75,42156.97,19.26
2024-11-01,4.64,4.9,4.42,4.28,4.21,4.22,4.37,4.57,2.04,4.86,4.57,8,5.14,5.78,,5.99,6.72,1295,325.94,154.222,20313.6,16299.5,22247.7,17851.4,4.9,4.2,322.619,146.391,180.076,99.2925,95.7246,75.1681,18311.5,21408,5060657.97,5728.8,42052.19,21.88
2024-12-01,4.48,4.65,4.42,4.3,4.13,4.05,4.18,4.36,1.92,4.59,4.43,7.75,5.2,5.8,,6.1,6.81,1514,327.821,154.306,20514.3,16415.5,22329.3,17867.9,4.3,4.1,323.296,147.126,181.446,100.3273,96.1524,75.8651,18341.3,21424.5,4948069.04,6032.38,44910.65,13.51
2025-01-01,4.33,4.4,,,,,,,,,4.23,7.5,5.46,6.08,,6,6.85,1358,329.316,156.897,20462.2,16316.5,22435.3,17889.8,5.1,4,324.739,148.132,185.424,100.0647,95.7673,75.5781,18422.6,21492.4,4957979.27,,,
2025-02-01,4.33,4.4,4.28,4.17,4.22,4.36,4.58,4.83,2.16,4.38,4.27,7.5,5.32,5.92,,6.12,6.95,1490,329.945,156.352,20519.8,16297,22551.4,17910.5,5.2,4.2,325.475,148.323,187.057,101.0993,96.9554,76.2685,18481.5,21564.6,4956920.12,6040.53,44544.66,16.43
2025-03-01,4.33,4.4,4.25,4.08,3.99,4.03,4.24,4.51,1.86,4.39,4.28,7.5,5.29,5.93,,5.94,6.76,1355,329.222,160.267,20683,16423.9,22704.4,18029.1,5.1,4.2,325.659,148.061,185.772,101.0404,97.3898,76.1318,18504.7,21636.7,5020912,5954.5,43840.91,19.63
2025-04-01,4.33,4.4,4.23,4.01,3.87,3.91,4.17,4.52,1.84,4.39,4.32,7.5,5.45,6.18,,5.89,6.65,1398,328.236,160.296,20746.4,16446.9,22873.1,18132.9,5.5,4.2,326.43,147.686,184.783,101.1279,97.3314,76.1048,18618.8,21770.6,5038854.01,5633.07,41989.96,21.77
2025-05-01,4.33,4.4,4.22,3.92,3.7,3.81,4.25,4.74,2,4.39,4.3,7.5,5.54,6.29,,5.92,6.76,1282,327.412,160.36,20755,16423.9,22722.6,17980.9,4.9,4.3,326.854,148.205,183.779,100.9655,97.2482,75.8894,18649.6,21827.5,5047982.01,5604.14,40752.96,24.6
2025-06-01,4.33,4.4,4.36,4.11,3.89,3.96,4.41,4.92,2.07,4.35,4.32,7.5,5.46,6.15,,6.03,6.89,1382,326.698,160.576,20868.4,16466.3,22764.1,17962.1,4.6,4.1,327.6,148.354,182.543,101.4785,97.5794,76.181,18745.4,21942.5,5042689.74,5911.69,42270.07,18.57
2025-07-01,4.33,4.4,4.29,3.98,3.78,3.84,4.26,4.78,1.97,4.44,4.3,7.5,5.45,6.1,,5.89,6.77,1420,326.561,160.684,21010.6,16550.6,22864.9,18011.3,4.3,4.3,328.656,149.536,183.419,101.894,98.0693,76.3997,18798.9,22028.7,5057212.7,6198.01,44494.94,16.83
2025-08-01,4.33,4.4,4.16,3.87,3.69,3.77,4.23,4.81,1.9,4.34,4.2,7.5,5.35,6,,5.85,6.72,1291,327.094,160.803,21127.4,16599.4,22948.9,18030.5,4.1,4.3,329.793,149.272,185.322,101.5867,98.0367,76.077,18836.4,22108.3,5059896.38,6238.01,43588.58,20.38
2025-09-01,4.22,4.4,,,,,,,,,4.01,,5.21,5.83,,5.69,6.56,1306,327.77,161.571,21206.6,16617.4,23022.4,18040.2,4,4.4,330.542,150.157,184.568,101.7779,98.1919,76.1283,18912.8,22212.4,5071365.99,,,16.12
2025-10-01,4.09,4.15,3.8,3.62,3.55,3.68,4.12,4.72,1.77,4.2,3.9,7.25,5.13,5.74,,5.49,6.3,1246,328.977,161.563,,,,,,,,150.332,185.948,101.5163,97.6253,75.8411,19004.1,22298,5080601.87,6711.2,46441.1,16.29
2025-11-01,3.88,3.9,3.79,3.7,3.6,3.71,4.11,4.67,1.81,4.22,,7,5.26,5.86,,5.41,6.17,,,162.205,,,,,,4.5,331.068,150.705,186.488,101.9528,97.978,76.0755,19025.7,22322.4,5084831.24,6840.2,47562.87,17.44
2025-12-01,3.72,3.9,3.75,3.62,3.54,3.67,4.09,4.74,1.85,4.12,3.65,7,5.31,5.9,,5.51,6.23,,,,,,,,,4.4,331.86,,184.412,102.325,98.1787,76.2615,,,,6812.63,47289.33,17.24
