observation_date,USNGDP,USRGDP,USGDPDEF,USPGDP,USCP,USHHPDI,USNCREIF
1945-12-01,,,,,,,13205
1946-03-01,,,,,,,
1946-06-01,,,,,,,
1946-09-01,,,,,,,
1946-12-01,,,,,,,12965
1947-03-01,243.164,2182.681,11.141,,21.97,,
1947-06-01,245.968,2176.892,11.299,,20.788,,
1947-09-01,249.585,2172.432,11.489,,20.564,,
1947-12-01,259.745,2206.452,11.772,,22.451,,15710
1948-03-01,265.742,2239.682,11.865,,23.739,,
1948-06-01,272.567,2276.69,11.972,,24.941,,
1948-09-01,279.196,2289.77,12.193,,24.551,,
1948-12-01,280.366,2292.364,12.23,,23.76,,17481
1949-03-01,275.034,2260.807,12.165,2254.866716,21.683,,
1949-06-01,271.351,2253.128,12.043,2287.486427,19.172,,
1949-09-01,272.889,2276.424,11.988,2321.150343,19.816,,
1949-12-01,270.627,2257.352,11.989,2352.817952,19.457,,17421
1950-03-01,280.828,2346.104,11.97,2380.500009,20.037,,
1950-06-01,290.383,2417.682,12.011,2412.361929,23.815,,
1950-09-01,308.153,2511.127,12.272,2443.517843,28.777,,
1950-12-01,319.945,2559.214,12.502,2475.398448,31.581,,17632
1951-03-01,336,2593.967,12.953,2507.382112,26.345,,
1951-06-01,344.09,2638.898,13.039,2539.256844,22.589,,
1951-09-01,351.385,2693.259,13.047,2572.906986,20.778,,
1951-12-01,356.178,2699.156,13.196,2608.829348,22.592,,19679
1952-03-01,359.82,2727.954,13.19,2646.598763,22.062,,20251
1952-06-01,361.03,2733.8,13.206,2687.699101,21.295,,20187
1952-09-01,367.701,2753.517,13.354,2727.236808,21.59,,20137
1952-12-01,380.812,2843.941,13.39,2764.659594,23.752,,20187
1953-03-01,387.98,2896.811,13.393,2797.683493,24.609,,20238
1953-06-01,391.749,2919.206,13.42,2826.63259,24.658,,20529
1953-09-01,391.171,2902.785,13.476,2851.164791,24.201,,20807
1953-12-01,385.97,2858.845,13.501,2872.154175,19.351,,20769
1954-03-01,385.345,2845.192,13.544,2891.620491,21.923,,20478
1954-06-01,386.121,2848.305,13.556,2909.362011,22.529,,20276
1954-09-01,390.996,2880.482,13.574,2926.456505,23.813,,20276
1954-12-01,399.734,2936.852,13.611,2944.378518,25.515,,20301
1955-03-01,413.073,3020.746,13.675,2962.006966,28.583,,20352
1955-06-01,421.532,3069.91,13.731,2981.063839,29.064,,20529
1955-09-01,430.221,3111.379,13.827,2999.764844,29.843,,20807
1955-12-01,437.092,3130.068,13.964,3019.152595,31.115,,21275
1956-03-01,439.746,3117.922,14.104,3038.588138,30.601,,22224
1956-06-01,446.01,3143.694,14.187,3057.44897,31.446,,22148
1956-09-01,451.191,3140.874,14.365,3077.140146,30.211,,22742
1956-12-01,460.463,3192.57,14.423,3098.206236,31.879,,22957
1957-03-01,469.779,3213.011,14.621,3121.456677,32.174,,23185
1957-06-01,472.025,3205.97,14.723,3146.925137,30.883,,23489
1957-09-01,479.49,3237.386,14.811,3173.969862,30.274,,23640
1957-12-01,474.864,3203.894,14.821,3202.258287,27.922,,23628
1958-03-01,467.54,3120.724,14.982,3230.455474,24.236,,23071
1958-06-01,471.978,3141.224,15.025,3259.1233,24.6,,23223
1958-09-01,485.841,3213.884,15.117,3287.990357,27.064,,23312
1958-12-01,499.555,3289.032,15.189,3318.540646,30.458,,23375
1959-03-01,510.33,3352.129,15.224,3350.148377,32.706,,23223
1959-06-01,522.653,3427.667,15.248,3383.809953,35.446,,23362
1959-09-01,525.034,3430.057,15.307,3419.804493,32.441,,23451
1959-12-01,528.6,3439.832,15.367,3456.278305,31.96,,23463
1960-03-01,542.648,3517.181,15.428,3493.325542,34.614,,23552
1960-06-01,541.08,3498.246,15.467,3529.38783,32.312,,23413
1960-09-01,545.604,3515.385,15.52,3564.886066,31.023,,23299
1960-12-01,540.197,3470.278,15.566,3599.087586,29.922,,23135
1961-03-01,545.018,3493.703,15.6,3632.680173,29.223,,23135
1961-06-01,555.545,3553.021,15.636,3664.351592,30.671,,23185
1961-09-01,567.664,3621.252,15.676,3697.145837,32.317,,23210
1961-12-01,580.612,3692.289,15.725,3730.888343,34.595,,23299
1962-03-01,594.013,3758.147,15.806,3767.211738,35.196,,23337
1962-06-01,600.366,3792.149,15.832,3806.616356,35.166,,23425
1962-09-01,609.027,3838.776,15.865,3848.40814,36.205,,23387
1962-12-01,612.28,3851.421,15.898,3891.361104,37.066,,23463
1963-03-01,621.672,3893.482,15.967,3934.344945,36.708,,23539
1963-06-01,629.752,3937.183,15.995,3976.929057,38.652,,23590
1963-09-01,644.444,4023.755,16.016,4019.352631,39.653,,23653
1963-12-01,653.938,4050.147,16.146,4062.253653,40.688,,23678
1964-03-01,669.822,4135.553,16.197,4105.386214,44.409,,23653
1964-06-01,678.674,4180.592,16.234,4150.052763,44.397,,23906
1964-09-01,692.031,4245.918,16.299,4195.65874,45.512,,23944
1964-12-01,697.319,4259.046,16.373,4241.580675,45.174,,24323
1965-03-01,717.79,4362.111,16.455,4288.630997,50.699,,24361
1965-06-01,730.191,4417.225,16.531,4334.526483,52.574,,24539
1965-09-01,749.323,4515.427,16.595,4381.851524,53.517,,24602
1965-12-01,771.857,4619.458,16.709,4429.355723,56.577,,25095
1966-03-01,795.734,4731.888,16.816,4477.400972,58.118,,25019
1966-06-01,804.981,4748.046,16.954,4525.750945,58.576,,25576
1966-09-01,819.638,4788.254,17.118,4574.953251,58.397,,25614
1966-12-01,833.302,4827.537,17.261,4624.43624,57.517,,25943
1967-03-01,844.17,4870.299,17.333,4675.704746,55.152,,26056
1967-06-01,848.983,4873.287,17.421,4728.572529,55.258,,26196
1967-09-01,865.233,4919.392,17.588,4782.648786,56.54,,26373
1967-12-01,881.439,4956.477,17.784,4838.050221,59.497,,26739
1968-03-01,909.387,5057.553,17.981,4893.538635,58.82,,27106
1968-06-01,934.344,5142.033,18.171,4948.25601,60.526,,27460
1968-09-01,950.825,5181.859,18.349,5003.474594,61.024,,27688
1968-12-01,968.03,5202.212,18.608,5058.945297,62.599,,28384
1969-03-01,993.337,5283.597,18.8,5112.73941,61.994,,28788
1969-06-01,1009.02,5299.625,19.039,5164.659538,60.335,,29256
1969-09-01,1029.956,5334.6,19.307,5213.1627,58.634,,29649
1969-12-01,1038.147,5308.556,19.556,5260.569982,57.815,,30218
1970-03-01,1051.2,5300.652,19.832,5305.972601,55.323,,30521
1970-06-01,1067.375,5308.164,20.108,5349.140051,55.194,,31470
1970-09-01,1086.059,5357.077,20.273,5391.127403,56.132,,31559
1970-12-01,1088.608,5299.672,20.541,5432.862072,53.35,,32065
1971-03-01,1135.156,5443.619,20.853,5476.136717,60.152,,32748
1971-06-01,1156.271,5473.059,21.127,5522.065266,62.42,,33494
1971-09-01,1177.675,5518.072,21.342,5569.532624,66.544,,34227
1971-12-01,1190.297,5531.032,21.52,5617.173967,68.735,,34835
1972-03-01,1230.609,5632.649,21.848,5663.707621,72.785,,35518
1972-06-01,1266.369,5760.47,21.984,5708.142257,73.825,,35960
1972-09-01,1290.566,5814.854,22.194,5751.400574,77.004,,36454
1972-12-01,1328.904,5912.22,22.477,5794.836986,83.484,,37162
1973-03-01,1377.49,6058.544,22.736,5839.515326,95.547,,37706
1973-06-01,1413.887,6124.506,23.086,5887.324044,99.033,,38515
1973-09-01,1433.838,6092.301,23.535,5936.729789,101.161,,39578
1973-12-01,1476.289,6150.131,24.004,5987.771228,106.253,,40552
1974-03-01,1491.209,6097.258,24.457,6039.644956,112.656,,41627
1974-06-01,1530.056,6111.751,25.035,6091.813817,115.543,,43436
1974-09-01,1560.026,6053.978,25.769,6143.175779,121.06,,45447
1974-12-01,1599.679,6030.464,26.527,6193.950644,107.908,,47357
1975-03-01,1616.116,5957.035,27.13,6243.688744,94.707,,48736
1975-06-01,1651.853,5999.61,27.533,6292.808538,99.406,,49621
1975-09-01,1709.82,6102.326,28.019,6341.59277,115.831,,50038
1975-12-01,1761.831,6184.53,28.488,6390.22425,124.091,,50633
1976-03-01,1820.487,6323.649,28.789,6438.193618,132.702,,50924
1976-06-01,1852.332,6370.025,29.079,6486.270795,136.551,,51847
1976-09-01,1886.558,6404.895,29.455,6535.427522,138.84,,52606
1976-12-01,1934.273,6451.177,29.983,6585.224886,139.091,,53352
1977-03-01,1988.648,6527.703,30.465,6637.004124,149.831,,55009
1977-06-01,2055.909,6654.466,30.895,6690.479,158.751,,56009
1977-09-01,2118.473,6774.457,31.271,6745.154755,165.143,,57261
1977-12-01,2164.27,6774.592,31.947,6801.571707,166.231,,58450
1978-03-01,2202.76,6796.26,32.411,6859.412031,171.939,,59715
1978-06-01,2331.633,7058.92,33.031,6918.216793,190.742,,61384
1978-09-01,2395.053,7129.915,33.592,6978.560672,197.659,,62915
1978-12-01,2476.949,7225.75,34.279,7040.228438,209.891,,64635
1979-03-01,2526.61,7238.727,34.904,7104.032112,212.834,,66456
1979-06-01,2591.247,7246.454,35.759,7165.884873,221.197,,68468
1979-09-01,2667.565,7300.281,36.541,7224.262717,226.008,,70593
1979-12-01,2723.883,7318.535,37.219,7278.140549,222.524,,72098
1980-03-01,2789.842,7341.557,38.001,7326.394112,223.179,,73350
1980-06-01,2797.352,7190.289,38.905,7367.99518,194.437,,74855
1980-09-01,2856.483,7181.743,39.774,7403.120921,201.722,,76436
1980-12-01,2985.557,7315.677,40.81,7440.202161,208.021,,78802
1981-03-01,3124.206,7459.022,41.885,7464.041263,211.951,,82255
1981-06-01,3162.532,7403.745,42.715,7511.001471,200.097,,85139
1981-09-01,3260.609,7492.405,43.519,7561.344362,205.12,,87580
1981-12-01,3280.818,7410.768,44.271,7614.916401,201.675,,90628
1982-03-01,3274.302,7295.631,44.88,7670.935786,181.46,,92563
1982-06-01,3331.972,7328.912,45.463,7728.749407,183.28,,93512
1982-09-01,3366.322,7300.896,46.108,7788.057417,178.589,,93778
1982-12-01,3402.561,7303.817,46.586,7848.88364,172.4,,93322
1983-03-01,3473.413,7400.066,46.938,7909.526732,173.982,,91703
1983-06-01,3578.848,7568.456,47.286,7971.56243,193.299,,90742
1983-09-01,3689.179,7719.746,47.789,8035.366219,204.717,,90527
1983-12-01,3794.706,7880.794,48.151,8101.78343,210.419,,90388
1984-03-01,3908.054,8034.847,48.639,8170.828575,219.241,,90502
1984-06-01,4009.601,8173.67,49.055,8242.474702,220.406,,91400
1984-09-01,4084.25,8252.465,49.491,8315.799056,211.838,,91969
1984-12-01,4148.551,8320.199,49.861,8390.357347,213.115,,92513
1985-03-01,4230.168,8400.82,50.354,8465.293021,203.842,,93196
1985-06-01,4294.887,8474.787,50.678,8540.41938,204.591,,93423
1985-09-01,4386.773,8604.22,50.984,8615.339004,208.314,,93917
1985-12-01,4444.094,8668.188,51.269,8689.681432,209.769,,92263
1986-03-01,4507.894,8749.127,51.524,8763.169215,174.669,,94072
1986-06-01,4545.34,8788.524,51.719,8835.903368,171.227,,95917
1986-09-01,4607.669,8872.601,51.931,8908.212172,170.904,,97275
1986-12-01,4657.627,8920.193,52.214,8980.832855,177.255,,98651
1987-03-01,4722.156,8986.367,52.548,9053.334811,191.686,,100624
1987-06-01,4806.16,9083.256,52.912,9125.620753,220.614,,102637
1987-09-01,4884.555,9162.024,53.313,9197.770225,235.711,,103197
1987-12-01,5007.994,9319.332,53.738,9270.501462,243.661,,103761
1988-03-01,5073.372,9367.502,54.159,9343.141538,252.224,,104925
1988-06-01,5190.036,9490.594,54.686,9416.313106,266.622,,106102
1988-09-01,5282.835,9546.206,55.34,9489.692044,265.879,,106366
1988-12-01,5399.509,9673.405,55.818,9563.580516,278.787,,106630
1989-03-01,5511.253,9771.725,56.4,9637.655055,278.613,,107602
1989-06-01,5612.463,9846.293,57.001,9711.862488,273.165,,108583
1989-09-01,5695.365,9919.228,57.417,9786.059985,262.833,,108981
1989-12-01,5747.237,9938.767,57.826,9860.011412,263,,109380
1990-03-01,5872.701,10047.386,58.45,9933.160668,272.8,,108414
1990-06-01,5960.028,10083.855,59.105,10005.191,285.023,,107456
1990-09-01,6015.116,10090.569,59.611,10075.35193,289.176,,107014
1990-12-01,6004.733,9998.704,60.055,10143.60708,288.348,,106574
1991-03-01,6035.178,9951.916,60.643,10210.3138,299.498,,105565
1991-06-01,6126.862,10029.51,61.088,10275.38433,304.593,,104565
1991-09-01,6205.937,10080.195,61.566,10339.40166,310.435,,101038
1991-12-01,6264.54,10115.329,61.931,10403.44307,316.101,,97629
1992-03-01,6363.102,10236.435,62.161,10467.53224,329.803,,95396
1992-06-01,6470.763,10347.429,62.535,10532.40179,344.556,,93214
1992-09-01,6566.641,10449.673,62.841,10598.61706,328.651,,90705
1992-12-01,6680.803,10558.648,63.273,10665.78356,336.054,,88264
1993-03-01,6729.459,10576.275,63.628,10733.96018,334.638,,87385
1993-06-01,6808.939,10637.847,64.007,10804.01648,349.005,,86514
1993-09-01,6882.098,10688.606,64.387,10875.16202,362.106,,86432
1993-12-01,7013.738,10833.987,64.738,10947.42502,382.444,,86351
1994-03-01,7115.652,10939.116,65.048,11020.72941,413.269,,87355
1994-06-01,7246.931,11087.361,65.362,11094.90679,427.525,,88371
1994-09-01,7331.075,11152.176,65.737,11170.74646,449.48,,89332
1994-12-01,7455.288,11279.932,66.093,11247.90841,463.129,,90361
1995-03-01,7522.289,11319.951,66.452,11325.93806,477.546,,90609
1995-06-01,7580.997,11353.721,66.771,11405.42678,501.314,,90517
1995-09-01,7683.125,11450.31,67.1,11485.86699,509.306,,91234
1995-12-01,7772.586,11528.067,67.423,11568.46189,516.952,,92103
1996-03-01,7868.468,11614.418,67.747,11652.86137,537.204,,92508
1996-06-01,8032.84,11808.14,68.028,11742.56188,540.29,,92520
1996-09-01,8131.408,11914.063,68.251,11838.76089,537.278,,91878
1996-12-01,8259.771,12037.775,68.615,11941.25553,550.942,,97290
1997-03-01,8362.655,12115.472,69.025,12049.81291,564.382,,105072
1997-06-01,8518.825,12317.221,69.162,12163.58429,584.518,,105375
1997-09-01,8662.823,12471.01,69.464,12282.93704,608.221,,108456
1997-12-01,8765.907,12577.495,69.695,12406.57853,611.944,,118469
1998-03-01,8866.48,12703.742,69.794,12533.99076,539.192,,120454
1998-06-01,8969.699,12821.339,69.959,12665.39293,538.408,,125484
1998-09-01,9121.097,12982.752,70.255,12799.21371,535.273,,125614
1998-12-01,9293.991,13191.67,70.453,12935.63458,519.082,,127716
1999-03-01,9411.682,13315.597,70.682,13074.75048,552.462,,123049
1999-06-01,9526.21,13426.748,70.949,13215.68444,568.577,,123250
1999-09-01,9686.626,13604.771,71.2,13358.46112,569.275,,129878
1999-12-01,9900.169,13827.98,71.595,13503.54349,590.992,,131921
2000-03-01,10002.179,13878.147,72.071,13649.99176,565.043,,125124
2000-06-01,10247.72,14130.908,72.52,13792.73614,559.322,,133319
2000-09-01,10318.165,14145.312,72.944,13929.502,554.17,,142344
2000-12-01,10435.744,14229.765,73.337,14059.35651,533.362,,145194
2001-03-01,10470.231,14183.12,73.822,14182.387,562.885,,143487
2001-06-01,10599,14271.694,74.266,14298.49751,581.778,,144970
2001-09-01,10598.02,14214.516,74.558,14407.70518,532.108,,146179
2001-12-01,10660.465,14253.574,74.792,14510.93506,512.713,,138621
2002-03-01,10783.5,14372.785,75.027,14608.73685,558.468,,142510
2002-06-01,10887.46,14460.848,75.289,14702.8967,614.559,,140703
2002-09-01,10984.04,14519.633,75.65,14795.13827,669.481,,143220
2002-12-01,11061.433,14537.58,76.089,14886.17624,742.298,,148697
2003-03-01,11174.129,14614.141,76.461,14977.19895,739.46,,154732
2003-06-01,11312.766,14743.567,76.73,15069.0265,742.624,,153069
2003-09-01,11566.669,14988.782,77.169,15161.01304,785.034,,148954
2003-12-01,11772.234,15162.76,77.639,15254.33442,840.165,,151344
2004-03-01,11923.447,15248.68,78.193,15349.3686,954.777,,160779
2004-06-01,12112.815,15366.85,78.824,15445.75949,997.169,,169061
2004-09-01,12305.307,15512.619,79.324,15544.0956,1042.501,,179088
2004-12-01,12527.214,15670.88,79.939,15643.39944,1045.719,,179198
2005-03-01,12767.286,15844.727,80.578,15740.36208,1266.416,14.799802,186256
2005-06-01,12922.656,15922.782,81.158,15833.98635,1292.727,14.828576,189649
2005-09-01,13142.642,16047.587,81.898,15925.48397,1339.203,15.139959,197981
2005-12-01,13324.204,16136.734,82.571,16014.16822,1407.538,15.02855,203554
2006-03-01,13599.16,16353.835,83.156,16099.61021,1433.381,14.989443,210165
2006-06-01,13753.424,16396.151,83.882,16182.6442,1472.804,15.044255,219332
2006-09-01,13870.188,16420.738,84.468,16261.61595,1495.335,15.367228,224801
2006-12-01,14039.56,16561.866,84.77,16336.38318,1452.347,15.509711,231541
2007-03-01,14215.651,16611.69,85.576,16413.08416,1384.4,15.526607,237819
2007-06-01,14402.082,16713.314,86.171,16492.81313,1462.488,15.63251,246369
2007-09-01,14564.117,16809.587,86.642,16575.36122,1409.668,15.712123,251404
2007-12-01,14715.058,16915.191,86.993,16658.2616,1432.95,15.846367,249318
2008-03-01,14706.538,16843.003,87.315,16741.83551,1325.635,15.775857,229066
2008-06-01,14865.701,16943.291,87.738,16824.00846,1348.013,15.326612,231890
2008-09-01,14898.999,16854.295,88.399,16903.75132,1284.391,15.546547,227041
2008-12-01,14608.209,16485.35,88.613,16979.72738,773.27,15.72136,219715
2009-03-01,14430.902,16298.262,88.543,17050.23362,1125.916,15.5975,206390
2009-06-01,14381.236,16269.145,88.396,17116.47772,1199.363,15.251967,171112
2009-09-01,14448.882,16326.281,88.501,17178.97027,1382.393,15.08588,166028
2009-12-01,14651.249,16502.754,88.781,17239.53132,1499.252,14.896385,153991
2010-03-01,14764.61,16582.71,89.036,17300.29215,1570.962,14.51494,159261
2010-06-01,14980.193,16743.162,89.471,17362.17218,1560.78,14.069775,171302
2010-09-01,15141.607,16872.266,89.743,17426.50587,1646.527,13.917807,169476
2010-12-01,15309.474,16960.864,90.264,17492.53719,1647.5,13.580863,171926
2011-03-01,15351.448,16920.632,90.726,17560.4955,1513.837,13.30846,177003
2011-06-01,15557.539,17035.114,91.326,17630.45708,1580.148,13.057706,173751
2011-09-01,15647.68,17031.313,91.876,17702.57186,1592.155,12.944597,171986
2011-12-01,15842.259,17222.583,91.985,17776.28839,1671.585,12.749684,182904
2012-03-01,16068.805,17367.01,92.525,17851.54859,1936.487,12.237059,182205
2012-06-01,16207.115,17444.525,92.907,17928.8843,1860.118,12.034065,181889
2012-09-01,16319.541,17469.65,93.417,18007.78469,1878.552,12.083107,185077
2012-12-01,16420.419,17489.852,93.885,18088.02803,1847.96,11.754033,189065
2013-03-01,16648.189,17662.4,94.258,18170.17776,1831.269,12.006598,190124
2013-06-01,16728.687,17709.671,94.461,18253.52756,1823.848,11.794391,200538
2013-09-01,16953.838,17860.45,94.924,18337.599,1862.618,11.837713,212960
2013-12-01,17192.019,18016.147,95.426,18422.91329,1913.254,11.985283,213467
2014-03-01,17197.738,17953.974,95.788,18509.443,1848.159,11.883752,209583
2014-06-01,17518.508,18185.911,96.33,18597.08684,1952.58,11.62113,219489
2014-09-01,17804.228,18406.941,96.726,18686.78631,2011.03,11.646935,223173
2014-12-01,17912.079,18500.031,96.822,18777.72656,1977.683,11.631979,230771
2015-03-01,18063.529,18666.621,96.769,18869.77467,1877.034,11.556607,241151
2015-06-01,18279.784,18782.243,97.325,18963.01626,1898.93,11.485107,246320
2015-09-01,18401.626,18857.418,97.583,19056.83833,1842.986,11.606456,246717
2015-12-01,18435.137,18892.206,97.581,19150.9692,1746.728,11.738949,244314
2016-03-01,18525.933,19001.69,97.496,19245.2221,1805.898,11.763221,238299
2016-06-01,18711.702,19062.709,98.159,19339.74405,1865.417,11.766084,246266
2016-09-01,18892.639,19197.938,98.41,19434.06234,1857.546,11.769828,255769
2016-12-01,19089.379,19304.352,98.886,19528.05803,1926.839,11.865791,257196
2017-03-01,19280.084,19398.343,99.39,19622.17184,2045.666,11.723736,251221
2017-06-01,19438.643,19506.949,99.65,19717.08385,2019.85,11.756954,271168
2017-09-01,19692.595,19660.766,100.162,19814.50161,2061.502,11.818405,264517
2017-12-01,20037.088,19882.352,100.778,19914.26761,1864.83,11.816674,270287
2018-03-01,20328.553,20044.077,101.419,20016.54317,1986.985,11.644543,273599
2018-06-01,20580.912,20150.476,102.136,20121.67138,2063.283,11.598347,272723
2018-09-01,20798.73,20276.154,102.577,20228.12968,2014.346,11.619544,274781
2018-12-01,20917.867,20304.874,103.019,20335.09873,2015.959,11.666352,271389
2019-03-01,21111.6,20431.641,103.328,20443.03304,2045.14,11.499875,280794
2019-06-01,21397.938,20602.275,103.862,20551.11493,2059.292,11.626957,293262
2019-09-01,21717.171,20843.322,104.192,20658.99661,2087.795,11.646529,292293
2019-12-01,21933.217,20985.448,104.516,20763.9792,2120.925,11.727541,287217
2020-03-01,21751.238,20709.212,105.032,20867.2769,2003.544,11.591065,293340
2020-06-01,19958.291,19077.992,104.614,20970.42195,1858.309,9.739786,284366
2020-09-01,21704.437,20558.879,105.572,21071.76263,2556.227,10.058434,286803
2020-12-01,22087.16,20791.917,106.23,21174.33034,2429.379,10.389279,295267
2021-03-01,22680.693,21082.134,107.583,21277.70315,2683.406,9.051398,297575
2021-06-01,23425.91,21440.929,109.258,21382.89835,2984.5,9.840936,306215
2021-09-01,23982.379,21617.828,110.938,21493.01915,2972.607,10.009535,330628
2021-12-01,24813.6,21988.737,112.847,21606.08076,2951.199,10.228733,340087
2022-03-01,25250.347,21932.71,115.126,21722.0248,2926.606,10.47232,332136
2022-06-01,25861.292,21967.045,117.728,21840.56636,3156.677,10.684637,333971
2022-09-01,26336.304,22125.625,119.031,21961.53508,3051.963,10.567735,337401
2022-12-01,26770.514,22278.345,120.164,22084.92536,2891.819,10.736833,333769
2023-03-01,27216.445,22439.607,121.288,22208.24254,3147.593,10.56399,332489
2023-06-01,27530.055,22580.499,121.92,22333.11239,3175.76,10.576866,341844
2023-09-01,28074.846,22840.989,122.914,22459.74068,3291.11,10.747704,335701
2023-12-01,28424.722,23033.78,123.405,22588.18459,3354.444,11.095984,310463
2024-03-01,28708.161,23082.119,124.374,22718.13,3393.103,11.058721,303750
2024-06-01,29147.044,23286.508,125.167,22849.87,3468.719,11.019084,307128
2024-09-01,29511.664,23478.57,125.696,22981.32,3443.994,11.138535,302541
2024-12-01,29825.182,23586.542,126.45,23113.34,3689.46,11.12225,303111
2025-03-01,30042.113,23548.21,127.577,23243.22,3335.78,11.10531,294745
2025-06-01,30485.729,23770.976,128.248,23376.07,3355.897,11.123837,289586
2025-09-01,31095.089,24024.957,129.428,23510.18,3589.861,11.256338,302886
